date,channel,impressions,clicks,likes,shares,comments,conversions,cost,revenue
2025-01-01,facebook,124542,1451,1178.0,226.0,148.0,37,607.73,2636.8
2025-01-01,instagram,104219,1021,810.0,156.0,111.0,34,584.8,2024.95
2025-01-01,twitter,62165,670,526.0,95.0,67.0,15,271.42,517.46
2025-01-01,youtube,49534,929,746.0,137.0,90.0,10,571.62,534.28
2025-01-01,tiktok,134539,1547,1235.0,236.0,161.0,35,811.65,1370.85
2025-01-01,linkedin,57194,629,497.0,,62.0,28,729.16,2726.94
2025-01-02,facebook,150050,1378,1109.0,213.0,136.0,2,915.0,112.84
2025-01-02,instagram,86064,1383,1094.0,201.0,138.0,31,679.68,1366.74
2025-01-02,twitter,112811,1207,956.0,184.0,129.0,18,373.12,702.42
2025-01-02,youtube,51777,1137,901.0,168.0,116.0,23,480.6,1682.21
2025-01-02,tiktok,62901,974,781.0,147.0,94.0,41,385.46,1830.24
2025-01-02,linkedin,52660,753,591.0,109.0,78.0,32,809.79,2261.97
2025-01-03,facebook,141013,1370,1094.0,204.0,140.0,33,900.99,1732.14
2025-01-03,instagram,150557,1316,1064.0,203.0,125.0,29,1267.71,1903.14
2025-01-03,twitter,109194,931,751.0,,93.0,31,294.36,1730.6
2025-01-03,youtube,72741,748,618.0,119.0,79.0,30,519.15,1659.37
2025-01-03,tiktok,137045,1243,990.0,195.0,126.0,21,915.76,942.78
2025-01-03,linkedin,53818,483,389.0,75.0,45.0,18,435.46,2344.22
2025-01-04,facebook,136029,1834,1448.0,268.0,185.0,12,845.85,1207.05
2025-01-04,instagram,235343,1518,1217.0,224.0,150.0,29,1135.56,2114.6
2025-01-04,twitter,111812,817,661.0,114.0,77.0,18,534.86,1100.18
2025-01-04,youtube,71897,1320,1053.0,202.0,130.0,47,815.49,2132.24
2025-01-04,tiktok,160799,2378,1911.0,357.0,233.0,87,1063.62,5927.08
2025-01-04,linkedin,54585,733,595.0,108.0,71.0,41,620.12,3441.93
2025-01-05,facebook,218927,2082,1671.0,313.0,208.0,60,1111.63,3966.19
2025-01-05,instagram,172385,1359,1066.0,205.0,138.0,62,970.28,3591.22
2025-01-05,twitter,104372,931,756.0,139.0,93.0,13,454.32,917.99
2025-01-05,youtube,41406,789,644.0,118.0,82.0,29,439.83,2795.25
2025-01-05,tiktok,122882,2029,1599.0,302.0,206.0,109,815.83,5751.1
2025-01-05,linkedin,37415,446,356.0,66.0,41.0,27,482.07,2123.39
2025-01-06,facebook,101132,649,517.0,96.0,65.0,28,624.96,1440.49
2025-01-06,instagram,140293,1169,928.0,164.0,120.0,21,726.88,1823.36
2025-01-06,twitter,61883,541,432.0,78.0,53.0,16,251.67,911.55
2025-01-06,youtube,64766,1347,1092.0,194.0,126.0,58,567.85,4611.18
2025-01-06,tiktok,87787,1201,960.0,177.0,123.0,38,439.36,1632.77
2025-01-06,linkedin,25714,281,,42.0,33.0,4,282.65,1436.19
2025-01-07,facebook,218066,1228,971.0,186.0,129.0,38,1099.7,3471.13
2025-01-07,instagram,235438,2563,2019.0,376.0,244.0,51,1615.98,3074.62
2025-01-07,twitter,83192,798,643.0,121.0,84.0,19,307.39,1028.38
2025-01-07,youtube,62441,1120,,165.0,110.0,36,437.69,2020.69
2025-01-07,tiktok,115181,1608,1272.0,241.0,164.0,48,610.86,5396.0
2025-01-07,linkedin,42858,524,436.0,80.0,50.0,24,376.47,3897.18
2025-01-08,facebook,122829,794,632.0,119.0,74.0,25,591.22,1696.81
2025-01-08,instagram,154203,1784,1419.0,264.0,178.0,34,911.91,1347.23
2025-01-08,twitter,78781,692,551.0,107.0,65.0,15,308.22,624.59
2025-01-08,youtube,61169,863,687.0,128.0,89.0,24,522.31,2702.09
2025-01-08,tiktok,135476,1209,958.0,185.0,115.0,43,461.91,2425.77
2025-01-08,linkedin,50797,607,487.0,84.0,56.0,28,516.46,4474.2
2025-01-09,facebook,141476,2054,1664.0,307.0,209.0,64,740.91,3261.57
2025-01-09,instagram,101169,747,589.0,122.0,76.0,19,533.88,1857.65
2025-01-09,twitter,83619,774,633.0,119.0,75.0,22,353.71,1083.83
2025-01-09,youtube,73807,758,611.0,118.0,78.0,27,580.08,2680.24
2025-01-09,tiktok,121873,1391,1122.0,200.0,141.0,17,811.87,2837.77
2025-01-09,linkedin,61231,755,609.0,113.0,79.0,23,782.31,1312.82
2025-01-10,facebook,143914,1338,1061.0,190.0,128.0,29,870.99,2182.5
2025-01-10,instagram,189488,3249,2590.0,482.0,328.0,60,1617.45,3850.46
2025-01-10,twitter,96122,923,724.0,135.0,90.0,23,404.91,1128.66
2025-01-10,youtube,59631,1287,1024.0,194.0,128.0,64,570.36,4399.1
2025-01-10,tiktok,135726,1971,1586.0,291.0,199.0,41,770.26,2442.74
2025-01-10,linkedin,31450,425,338.0,64.0,43.0,24,403.99,2067.51
2025-01-11,facebook,126800,1299,1031.0,191.0,131.0,68,648.39,5015.36
2025-01-11,instagram,250795,3917,3129.0,576.0,390.0,142,1966.45,8421.93
2025-01-11,twitter,118013,1060,858.0,161.0,107.0,19,558.7,1061.24
2025-01-11,youtube,71895,1545,1237.0,227.0,158.0,34,649.68,2965.47
2025-01-11,tiktok,103355,1435,1153.0,213.0,141.0,62,641.48,2027.72
2025-01-11,linkedin,34593,358,283.0,55.0,38.0,26,333.08,2792.36
2025-01-12,facebook,188376,2298,1830.0,354.0,230.0,116,959.86,6611.22
2025-01-12,instagram,403471,4831,3841.0,730.0,478.0,144,3046.21,8899.7
2025-01-12,twitter,57222,538,437.0,84.0,53.0,12,294.19,1342.66
2025-01-12,youtube,86002,1375,1099.0,212.0,139.0,41,684.62,2923.43
2025-01-12,tiktok,91884,555,,80.0,56.0,24,498.42,2906.9
2025-01-12,linkedin,46611,423,337.0,60.0,41.0,12,484.72,2628.49
2025-01-13,facebook,205210,1583,1271.0,231.0,161.0,65,1200.13,4392.65
2025-01-13,instagram,228005,3502,2830.0,515.0,352.0,60,1855.43,4260.2
2025-01-13,twitter,102417,540,425.0,83.0,55.0,18,299.09,618.47
2025-01-13,youtube,52964,750,601.0,109.0,78.0,41,441.53,1809.69
2025-01-13,tiktok,226661,3919,3145.0,594.0,394.0,103,1351.83,5201.89
2025-01-13,linkedin,25190,311,245.0,42.0,30.0,9,343.84,2344.15
2025-01-14,facebook,150265,1279,,198.0,129.0,25,778.24,1754.76
2025-01-14,instagram,157366,2560,2035.0,400.0,248.0,93,1627.79,6331.6
2025-01-14,twitter,67407,628,502.0,88.0,57.0,14,319.09,474.28
2025-01-14,youtube,53156,677,535.0,101.0,65.0,36,533.84,3682.7
2025-01-14,tiktok,192592,2291,1857.0,336.0,232.0,49,1229.09,2936.59
2025-01-14,linkedin,56946,654,524.0,96.0,65.0,27,468.61,2644.81
2025-01-15,facebook,66042,781,645.0,117.0,77.0,23,373.99,1736.15
2025-01-15,instagram,112423,1888,1507.0,284.0,201.0,46,763.59,3894.2
2025-01-15,twitter,99911,879,707.0,127.0,87.0,12,418.33,1112.64
2025-01-15,youtube,53664,793,635.0,118.0,80.0,30,496.56,3111.7
2025-01-15,tiktok,114940,1786,1438.0,265.0,178.0,54,674.72,3646.05
2025-01-15,linkedin,51775,530,420.0,76.0,52.0,43,526.58,2795.74
2025-01-16,facebook,161260,2255,1821.0,329.0,225.0,69,1231.28,5396.47
2025-01-16,instagram,180120,1869,1510.0,285.0,192.0,45,1086.73,3805.47
2025-01-16,twitter,81040,1044,852.0,159.0,103.0,17,359.8,1395.87
2025-01-16,youtube,65511,980,786.0,148.0,101.0,29,648.83,1856.92
2025-01-16,tiktok,112956,1447,1156.0,217.0,137.0,46,770.61,3656.74
2025-01-16,linkedin,45051,335,266.0,47.0,32.0,19,363.76,2144.87
2025-01-17,facebook,126736,938,756.0,136.0,92.0,39,658.98,1874.97
2025-01-17,instagram,909579,5941,5096.0,377.0,255.0,51,2283.29,4097.66
2025-01-17,twitter,111410,1240,986.0,185.0,122.0,34,494.62,1594.91
2025-01-17,youtube,56261,962,766.0,145.0,100.0,31,393.23,4582.16
2025-01-17,tiktok,67768,1004,798.0,150.0,107.0,40,423.83,2893.6
2025-01-17,linkedin,34002,273,214.0,38.0,26.0,11,294.87,1906.1
2025-01-18,facebook,85249,895,716.0,133.0,87.0,35,461.83,1942.6
2025-01-18,instagram,108418,1679,1334.0,246.0,168.0,57,816.14,4511.51
2025-01-18,twitter,74980,417,333.0,61.0,46.0,9,244.0,435.6
2025-01-18,youtube,59296,1036,840.0,151.0,98.0,38,577.46,3581.23
2025-01-18,tiktok,99970,1144,926.0,176.0,111.0,51,560.23,3134.64
2025-01-18,linkedin,61903,642,509.0,94.0,65.0,27,752.85,2545.79
2025-01-19,facebook,134206,1294,1045.0,200.0,140.0,51,818.59,5714.18
2025-01-19,instagram,155733,947,756.0,131.0,92.0,35,734.64,2897.39
2025-01-19,twitter,154450,1707,1360.0,250.0,172.0,15,787.75,959.02
2025-01-19,youtube,81018,832,656.0,121.0,84.0,37,539.33,2846.07
2025-01-19,tiktok,105703,805,624.0,121.0,80.0,23,435.13,2044.19
2025-01-19,linkedin,52736,617,500.0,90.0,63.0,24,535.87,3646.99
2025-01-20,facebook,121728,1469,1165.0,222.0,151.0,57,785.86,3299.5
2025-01-20,instagram,190047,2598,2037.0,394.0,255.0,27,1492.86,3524.38
2025-01-20,twitter,119204,1077,845.0,172.0,107.0,25,481.33,1486.39
2025-01-20,youtube,44816,662,518.0,,61.0,29,327.09,2760.06
2025-01-20,tiktok,82486,996,803.0,147.0,96.0,38,403.95,2193.32
2025-01-20,linkedin,49082,725,581.0,,70.0,28,515.97,2955.48
2025-01-21,facebook,101313,1093,878.0,163.0,109.0,34,625.71,1815.53
2025-01-21,instagram,257524,2708,2135.0,411.0,276.0,106,1563.84,6385.06
2025-01-21,twitter,89533,907,727.0,139.0,84.0,32,262.16,1564.12
2025-01-21,youtube,55245,1002,814.0,156.0,98.0,33,526.25,3726.32
2025-01-21,tiktok,76214,913,726.0,131.0,89.0,6,411.98,1112.89
2025-01-21,linkedin,30800,212,170.0,29.0,23.0,9,210.49,1207.8
2025-01-22,facebook,137722,1686,1326.0,251.0,180.0,53,912.76,3910.3
2025-01-22,instagram,123117,1638,1314.0,243.0,165.0,39,910.36,2990.62
2025-01-22,twitter,53915,564,446.0,94.0,55.0,18,251.79,1265.07
2025-01-22,youtube,121306,1977,1607.0,294.0,202.0,98,1118.53,8013.61
2025-01-22,tiktok,124536,1369,1099.0,207.0,141.0,28,599.21,1270.54
2025-01-22,linkedin,39927,522,427.0,78.0,51.0,20,375.31,2727.94
2025-01-23,facebook,139338,1328,1069.0,199.0,132.0,12,915.06,2841.19
2025-01-23,instagram,99901,1305,1053.0,198.0,131.0,49,562.3,2229.1
2025-01-23,twitter,77336,528,430.0,78.0,53.0,10,216.48,673.99
2025-01-23,youtube,70299,1084,871.0,162.0,109.0,24,567.67,1944.36
2025-01-23,tiktok,112998,1611,1285.0,244.0,160.0,3,583.22,134.14
2025-01-23,linkedin,34589,446,355.0,68.0,47.0,22,491.83,1971.78
2025-01-24,facebook,115181,1209,965.0,172.0,121.0,1,572.11,2361.38
2025-01-24,instagram,95578,1128,922.0,170.0,117.0,24,638.76,1678.83
2025-01-24,twitter,61845,749,588.0,115.0,77.0,1,230.41,56.32
2025-01-24,youtube,48744,668,538.0,100.0,66.0,14,359.15,3165.34
2025-01-24,tiktok,92768,853,696.0,130.0,84.0,23,317.89,2058.24
2025-01-24,linkedin,41955,247,201.0,35.0,28.0,1,299.5,815.18
2025-01-25,facebook,139309,1299,1021.0,195.0,130.0,57,759.43,2940.44
2025-01-25,instagram,247184,2790,2216.0,422.0,288.0,87,1718.13,4702.89
2025-01-25,twitter,59401,583,471.0,87.0,56.0,8,221.91,995.96
2025-01-25,youtube,66544,1123,902.0,160.0,117.0,18,511.17,1362.75
2025-01-25,tiktok,142190,2024,1654.0,308.0,200.0,93,709.24,5702.96
2025-01-25,linkedin,21042,237,192.0,38.0,20.0,5,221.43,814.15
2025-01-26,facebook,83384,993,783.0,154.0,95.0,31,513.75,2851.83
2025-01-26,instagram,167546,1670,1341.0,259.0,170.0,25,1029.12,3706.11
2025-01-26,twitter,85947,908,734.0,137.0,92.0,29,364.29,1496.57
2025-01-26,youtube,77120,1722,1364.0,255.0,175.0,67,856.98,5000.32
2025-01-26,tiktok,149190,2837,2270.0,427.0,292.0,50,1130.54,2719.25
2025-01-26,linkedin,53432,387,307.0,58.0,34.0,16,438.12,3696.1
2025-01-27,facebook,68966,484,395.0,73.0,49.0,19,415.68,2432.97
2025-01-27,instagram,127103,1472,1174.0,215.0,151.0,60,708.31,2537.42
2025-01-27,twitter,60809,561,451.0,83.0,56.0,14,253.24,585.42
2025-01-27,youtube,73924,682,543.0,103.0,73.0,29,491.95,1479.95
2025-01-27,tiktok,105183,1231,989.0,180.0,122.0,38,714.16,2311.16
2025-01-27,linkedin,35948,397,312.0,57.0,37.0,11,482.01,951.8
2025-01-28,facebook,133183,1331,1072.0,204.0,136.0,37,854.46,3216.85
2025-01-28,instagram,117261,1711,1361.0,267.0,180.0,29,642.07,6093.55
2025-01-28,twitter,81191,771,613.0,112.0,75.0,24,269.06,1236.47
2025-01-28,youtube,49566,451,367.0,66.0,43.0,29,243.72,3736.54
2025-01-28,tiktok,61458,534,427.0,80.0,53.0,9,347.77,717.02
2025-01-28,linkedin,41696,665,529.0,101.0,64.0,24,528.39,1963.52
2025-01-29,facebook,84621,891,716.0,139.0,80.0,34,519.6,1782.64
2025-01-29,instagram,95621,1307,1046.0,188.0,129.0,33,913.07,1735.0
2025-01-29,twitter,87543,879,706.0,130.0,92.0,21,348.52,1034.06
2025-01-29,youtube,69634,1019,813.0,149.0,100.0,47,455.76,2839.91
2025-01-29,tiktok,102826,1950,1627.0,128.0,79.0,24,299.06,1256.6
2025-01-29,linkedin,51621,668,537.0,96.0,71.0,30,636.72,3867.18
2025-01-30,facebook,129603,1876,1515.0,274.0,192.0,44,786.84,3373.02
2025-01-30,instagram,171782,2540,2015.0,387.0,255.0,89,1250.64,4016.47
2025-01-30,twitter,94049,1008,813.0,146.0,106.0,11,389.07,622.98
2025-01-30,youtube,40565,760,604.0,116.0,73.0,45,379.59,1663.48
2025-01-30,tiktok,79590,1383,1099.0,200.0,141.0,65,711.48,5266.65
2025-01-30,linkedin,42634,451,355.0,72.0,46.0,14,349.98,1807.06
2025-01-31,facebook,104307,1597,1271.0,251.0,159.0,60,721.66,4692.76
2025-01-31,instagram,196374,2658,2134.0,408.0,271.0,106,969.02,5388.14
2025-01-31,twitter,72162,961,783.0,143.0,94.0,28,814.32,1597.11
2025-01-31,youtube,61521,844,670.0,125.0,83.0,18,394.08,1388.08
2025-01-31,tiktok,82786,1031,829.0,148.0,99.0,21,436.65,1135.04
2025-01-31,linkedin,30541,275,219.0,39.0,28.0,2,391.86,444.79
2025-02-01,facebook,75577,719,568.0,107.0,69.0,41,480.11,1729.5
2025-02-01,instagram,103013,1569,1248.0,223.0,154.0,49,787.05,2440.35
2025-02-01,twitter,59899,461,365.0,65.0,46.0,10,236.46,635.06
2025-02-01,youtube,47868,807,638.0,117.0,82.0,39,383.49,2942.13
2025-02-01,tiktok,76185,966,781.0,144.0,92.0,50,355.57,3765.06
2025-02-01,linkedin,35834,425,327.0,69.0,41.0,3,392.26,614.49
2025-02-02,facebook,85140,717,583.0,104.0,74.0,25,581.43,1938.88
2025-02-02,instagram,143905,1606,1283.0,242.0,168.0,46,744.08,4268.46
2025-02-02,twitter,50038,439,346.0,64.0,40.0,5,173.7,961.05
2025-02-02,youtube,69782,1252,1007.0,191.0,127.0,25,679.86,3149.84
2025-02-02,tiktok,82300,841,656.0,129.0,78.0,13,415.18,1749.83
2025-02-02,linkedin,73457,1007,810.0,153.0,101.0,21,809.74,2972.34
2025-02-03,facebook,98780,998,802.0,150.0,98.0,11,456.13,1611.61
2025-02-03,instagram,77166,831,655.0,121.0,82.0,20,402.06,1732.68
2025-02-03,twitter,37253,341,271.0,52.0,38.0,5,144.06,775.8
2025-02-03,youtube,55341,659,528.0,100.0,65.0,17,455.43,2231.08
2025-02-03,tiktok,79062,769,600.0,114.0,74.0,11,350.33,523.21
2025-02-03,linkedin,40545,253,208.0,41.0,28.0,9,396.34,1412.04
2025-02-04,facebook,150743,1388,1123.0,211.0,136.0,66,551.65,5698.79
2025-02-04,instagram,188902,2698,2147.0,411.0,280.0,90,1263.12,4237.11
2025-02-04,twitter,72188,588,467.0,85.0,58.0,3,281.14,412.98
2025-02-04,youtube,54527,739,589.0,110.0,71.0,35,443.77,2953.01
2025-02-04,tiktok,76617,1109,891.0,165.0,107.0,36,455.36,1174.38
2025-02-04,linkedin,39210,167,135.0,26.0,16.0,5,346.47,492.13
2025-02-05,facebook,86853,1017,810.0,150.0,96.0,30,421.11,3458.94
2025-02-05,instagram,175355,3086,2506.0,457.0,298.0,30,1454.57,2421.43
2025-02-05,twitter,102322,672,532.0,104.0,68.0,22,330.92,1223.23
2025-02-05,youtube,42333,790,643.0,121.0,79.0,11,437.99,940.89
2025-02-05,tiktok,51796,520,429.0,81.0,48.0,15,263.61,1406.55
2025-02-05,linkedin,44161,392,317.0,59.0,40.0,29,351.1,3696.46
2025-02-06,facebook,107321,852,691.0,123.0,83.0,26,665.05,1422.7
2025-02-06,instagram,198485,2344,1862.0,,221.0,93,1205.79,8096.09
2025-02-06,twitter,84043,651,528.0,102.0,68.0,7,353.52,412.41
2025-02-06,youtube,59977,1077,857.0,152.0,111.0,36,476.69,3477.9
2025-02-06,tiktok,74309,595,477.0,89.0,57.0,11,452.46,691.12
2025-02-06,linkedin,21706,219,170.0,35.0,20.0,13,234.65,1029.81
2025-02-07,facebook,117961,1002,800.0,152.0,96.0,23,402.93,1952.53
2025-02-07,instagram,138962,1735,1387.0,252.0,180.0,87,799.86,5015.45
2025-02-07,twitter,62481,727,583.0,109.0,77.0,15,231.86,932.93
2025-02-07,youtube,39264,614,490.0,89.0,64.0,22,320.32,2523.33
2025-02-07,tiktok,137851,1861,1494.0,275.0,190.0,56,808.0,2497.72
2025-02-07,linkedin,29503,336,270.0,54.0,34.0,20,333.29,3000.37
2025-02-08,facebook,94925,617,495.0,93.0,66.0,22,386.33,1086.8
2025-02-08,instagram,117281,1226,992.0,181.0,122.0,14,1046.32,2792.55
2025-02-08,twitter,59546,435,348.0,63.0,42.0,9,204.86,369.59
2025-02-08,youtube,60920,1235,984.0,184.0,119.0,46,652.85,2500.33
2025-02-08,tiktok,141904,1251,1028.0,182.0,119.0,40,706.07,2906.3
2025-02-08,linkedin,51728,445,358.0,68.0,42.0,21,387.88,2570.47
2025-02-09,facebook,85671,827,679.0,130.0,89.0,25,444.81,1716.48
2025-02-09,instagram,153514,2474,1999.0,373.0,,104,1190.3,5201.99
2025-02-09,twitter,77767,840,664.0,122.0,83.0,24,415.56,1307.6
2025-02-09,youtube,86351,1409,1128.0,216.0,138.0,38,1042.62,2869.23
2025-02-09,tiktok,75126,791,625.0,123.0,81.0,37,321.82,2980.44
2025-02-09,linkedin,39366,591,478.0,91.0,56.0,16,533.35,1563.44
2025-02-10,facebook,161408,1534,1232.0,233.0,161.0,50,678.38,2777.58
2025-02-10,instagram,142214,1484,1192.0,224.0,146.0,52,843.36,3032.74
2025-02-10,twitter,73194,572,462.0,86.0,57.0,8,294.9,470.79
2025-02-10,youtube,50957,839,678.0,123.0,85.0,24,451.05,2760.67
2025-02-10,tiktok,117945,1710,1363.0,257.0,179.0,23,1014.01,1450.16
2025-02-10,linkedin,31593,365,298.0,58.0,34.0,9,387.13,937.07
2025-02-11,facebook,68572,719,558.0,120.0,79.0,21,335.01,2458.13
2025-02-11,instagram,162703,2485,2000.0,366.0,236.0,72,991.19,7737.7
2025-02-11,twitter,72687,617,499.0,87.0,57.0,13,310.72,503.46
2025-02-11,youtube,104815,1321,1054.0,206.0,132.0,58,831.61,4020.09
2025-02-11,tiktok,90211,1442,1147.0,211.0,140.0,13,464.52,714.81
2025-02-11,linkedin,28409,206,166.0,28.0,20.0,18,260.08,2474.36
2025-02-12,facebook,107671,1039,833.0,149.0,97.0,14,630.54,1269.61
2025-02-12,instagram,116521,1599,1264.0,229.0,158.0,42,822.16,3516.08
2025-02-12,twitter,61515,496,394.0,70.0,46.0,6,266.01,715.21
2025-02-12,youtube,46051,527,414.0,83.0,51.0,26,357.84,1717.29
2025-02-12,tiktok,85607,942,740.0,138.0,,22,499.55,1549.75
2025-02-12,linkedin,58076,1031,822.0,157.0,108.0,40,898.14,2699.79
2025-02-13,facebook,128114,708,559.0,106.0,73.0,25,655.4,2396.0
2025-02-13,instagram,166798,2238,1814.0,329.0,232.0,61,977.52,4426.22
2025-02-13,twitter,36919,311,253.0,43.0,30.0,9,130.18,674.59
2025-02-13,youtube,40095,777,630.0,114.0,72.0,41,357.94,4701.97
2025-02-13,tiktok,78734,994,792.0,145.0,106.0,19,468.35,1017.22
2025-02-13,linkedin,50477,726,583.0,109.0,73.0,29,636.76,2817.45
2025-02-14,facebook,176785,1920,1513.0,288.0,196.0,90,1123.05,4968.52
2025-02-14,instagram,140105,1932,1509.0,285.0,190.0,60,1114.13,2291.85
2025-02-14,twitter,69175,893,730.0,132.0,86.0,30,327.19,1574.77
2025-02-14,youtube,55980,1283,1016.0,186.0,132.0,41,600.92,4627.92
2025-02-14,tiktok,108950,1155,925.0,168.0,116.0,35,637.25,3973.61
2025-02-14,linkedin,43955,631,503.0,100.0,64.0,12,476.61,1248.94
2025-02-15,facebook,183892,1637,1310.0,246.0,164.0,51,809.47,3860.7
2025-02-15,instagram,218263,1895,1514.0,284.0,,39,1464.36,2472.61
2025-02-15,twitter,118217,732,602.0,109.0,72.0,8,413.84,685.73
2025-02-15,youtube,114567,1429,1140.0,214.0,143.0,40,909.19,2900.56
2025-02-15,tiktok,146785,1920,1526.0,291.0,189.0,35,986.58,2169.16
2025-02-15,linkedin,37507,332,262.0,48.0,34.0,21,305.62,2920.37
2025-02-16,facebook,153167,1526,1207.0,227.0,156.0,24,1152.31,1634.08
2025-02-16,instagram,162151,2251,1777.0,341.0,221.0,20,1092.4,1727.06
2025-02-16,twitter,73267,538,428.0,80.0,54.0,5,270.07,256.58
2025-02-16,youtube,71543,1330,1051.0,197.0,143.0,52,469.14,4918.03
2025-02-16,tiktok,130173,900,728.0,135.0,84.0,35,846.65,2468.22
2025-02-16,linkedin,41655,535,427.0,77.0,56.0,27,497.17,2639.17
2025-02-17,facebook,78475,530,430.0,79.0,51.0,7,320.66,2185.02
2025-02-17,instagram,256610,2037,1645.0,312.0,199.0,55,1408.18,4199.05
2025-02-17,twitter,72388,575,451.0,84.0,55.0,11,238.47,608.89
2025-02-17,youtube,46610,540,432.0,81.0,57.0,7,244.94,982.93
2025-02-17,tiktok,99915,1168,916.0,180.0,123.0,31,720.95,2452.12
2025-02-17,linkedin,39697,433,340.0,63.0,38.0,17,476.73,3011.65
2025-02-18,facebook,160412,1763,1400.0,261.0,176.0,42,1030.25,4597.99
2025-02-18,instagram,158262,2453,1975.0,370.0,247.0,98,1071.44,3733.72
2025-02-18,twitter,99219,970,783.0,149.0,91.0,8,413.95,955.86
2025-02-18,youtube,57234,928,741.0,143.0,92.0,31,464.12,2060.69
2025-02-18,tiktok,125562,1663,1306.0,247.0,155.0,69,593.64,3196.7
2025-02-18,linkedin,54807,671,530.0,100.0,70.0,45,555.69,5747.18
2025-02-19,facebook,81040,636,509.0,99.0,64.0,25,394.24,2425.73
2025-02-19,instagram,224784,3472,2792.0,524.0,347.0,98,2296.31,6548.62
2025-02-19,twitter,102569,1094,861.0,164.0,107.0,25,445.35,1054.02
2025-02-19,youtube,61054,1336,1055.0,204.0,135.0,39,407.55,1785.89
2025-02-19,tiktok,95579,1213,974.0,185.0,122.0,45,518.85,2754.0
2025-02-19,linkedin,30626,381,312.0,53.0,42.0,19,375.38,2922.6
2025-02-20,facebook,196786,1400,,210.0,140.0,72,851.33,5377.61
2025-02-20,instagram,165513,1883,1517.0,276.0,187.0,42,1050.23,3871.76
2025-02-20,twitter,92993,691,546.0,103.0,71.0,20,346.08,851.88
2025-02-20,youtube,54168,1035,828.0,155.0,98.0,33,455.51,3314.94
2025-02-20,tiktok,141497,2296,1850.0,339.0,,75,881.17,4434.83
2025-02-20,linkedin,68040,493,389.0,71.0,46.0,23,645.86,2827.11
2025-02-21,facebook,197189,1840,1472.0,286.0,181.0,71,1144.3,3424.92
2025-02-21,instagram,156175,2278,,332.0,216.0,11,1318.17,2938.0
2025-02-21,twitter,71533,415,330.0,62.0,43.0,10,324.97,474.06
2025-02-21,youtube,54490,702,556.0,111.0,67.0,27,1188.65,2696.83
2025-02-21,tiktok,93532,1422,1150.0,211.0,139.0,61,503.5,2454.62
2025-02-21,linkedin,34221,379,300.0,57.0,34.0,23,408.53,2780.77
2025-02-22,facebook,209936,2302,1849.0,341.0,234.0,70,1175.73,4628.35
2025-02-22,instagram,179446,2000,1602.0,296.0,208.0,52,1184.47,4288.91
2025-02-22,twitter,110515,1012,803.0,137.0,101.0,18,460.15,764.9
2025-02-22,youtube,75809,919,745.0,135.0,94.0,20,658.17,1727.06
2025-02-22,tiktok,102946,1194,957.0,179.0,122.0,29,638.36,1254.11
2025-02-22,linkedin,84280,828,644.0,123.0,81.0,26,713.3,2201.19
2025-02-23,facebook,131108,1497,1196.0,223.0,142.0,30,807.3,3558.12
2025-02-23,instagram,159875,2143,1701.0,329.0,214.0,29,1161.04,1773.89
2025-02-23,twitter,82321,898,707.0,137.0,92.0,5,417.47,363.87
2025-02-23,youtube,86569,1257,982.0,185.0,123.0,64,674.27,4234.26
2025-02-23,tiktok,124564,1213,961.0,168.0,120.0,27,823.41,2713.41
2025-02-23,linkedin,56327,365,295.0,56.0,34.0,14,579.42,2417.73
2025-02-24,facebook,106398,913,734.0,,90.0,18,552.51,1001.63
2025-02-24,instagram,132934,1188,945.0,180.0,113.0,20,753.1,3320.27
2025-02-24,twitter,84609,1006,787.0,152.0,104.0,37,403.43,2562.31
2025-02-24,youtube,54408,871,696.0,126.0,85.0,3,624.98,377.55
2025-02-24,tiktok,98020,1289,1033.0,195.0,128.0,31,548.17,2427.05
2025-02-24,linkedin,41078,313,251.0,50.0,32.0,17,403.2,1620.01
2025-02-25,facebook,98129,976,783.0,141.0,101.0,30,616.49,3090.22
2025-02-25,instagram,181518,2238,1773.0,341.0,225.0,52,1756.01,2864.13
2025-02-25,twitter,43158,438,361.0,63.0,45.0,7,180.74,360.49
2025-02-25,youtube,72511,1071,851.0,160.0,110.0,36,643.74,2163.95
2025-02-25,tiktok,72097,1495,1181.0,231.0,149.0,29,651.25,2183.56
2025-02-25,linkedin,97804,893,,126.0,88.0,28,735.3,4560.1
2025-02-26,facebook,156642,1631,1301.0,237.0,157.0,60,810.97,2353.21
2025-02-26,instagram,135597,1693,1345.0,253.0,167.0,28,943.81,2037.58
2025-02-26,twitter,106498,1378,1125.0,197.0,138.0,28,369.05,933.05
2025-02-26,youtube,77202,1036,821.0,155.0,107.0,53,674.86,4655.91
2025-02-26,tiktok,88264,1802,1437.0,274.0,180.0,29,474.87,1873.99
2025-02-26,linkedin,33175,405,327.0,62.0,39.0,21,444.62,2557.19
2025-02-27,facebook,108390,1269,1008.0,188.0,131.0,39,815.03,4095.29
2025-02-27,instagram,156944,1683,1348.0,270.0,167.0,29,1006.36,1925.17
2025-02-27,twitter,79411,562,441.0,82.0,53.0,14,357.25,784.42
2025-02-27,youtube,59248,966,769.0,145.0,93.0,53,605.27,2838.55
2025-02-27,tiktok,134795,1449,1155.0,223.0,156.0,16,896.51,1079.33
2025-02-27,linkedin,34448,453,357.0,,45.0,1,249.91,741.17
2025-02-28,facebook,122697,1432,1166.0,217.0,139.0,59,783.31,3908.52
2025-02-28,instagram,210382,2511,2021.0,379.0,245.0,65,1228.91,2908.01
2025-02-28,twitter,55311,530,425.0,77.0,54.0,8,213.69,1249.86
2025-02-28,youtube,89726,1429,1155.0,208.0,145.0,17,720.02,2090.81
2025-02-28,tiktok,163054,2694,2147.0,398.0,278.0,78,969.65,5346.67
2025-02-28,linkedin,52132,666,531.0,96.0,64.0,12,684.45,1082.72
2025-03-01,facebook,123803,821,654.0,124.0,77.0,27,572.38,2015.95
2025-03-01,instagram,241972,2745,2180.0,404.0,272.0,50,1474.05,2464.84
2025-03-01,twitter,139597,1196,933.0,182.0,121.0,25,540.36,806.5
2025-03-01,youtube,68553,1031,822.0,147.0,108.0,27,586.51,2683.81
2025-03-01,tiktok,100785,1239,1010.0,183.0,126.0,59,592.7,1961.52
2025-03-01,linkedin,29649,318,254.0,,28.0,18,264.02,1325.52
2025-03-02,facebook,155023,1257,1005.0,187.0,130.0,30,732.34,2005.36
2025-03-02,instagram,129211,1414,1129.0,198.0,134.0,28,860.61,1818.83
2025-03-02,twitter,97356,757,600.0,116.0,74.0,4,463.44,224.78
2025-03-02,youtube,110484,1221,970.0,181.0,117.0,33,940.45,2404.52
2025-03-02,tiktok,152712,1955,1556.0,295.0,193.0,2,825.45,160.63
2025-03-02,linkedin,53920,660,517.0,102.0,70.0,12,582.98,2369.3
2025-03-03,facebook,137927,1543,1241.0,235.0,154.0,56,2876.09,3138.75
2025-03-03,instagram,190950,2423,1945.0,368.0,234.0,30,1113.13,2916.55
2025-03-03,twitter,60587,482,389.0,73.0,52.0,7,269.38,563.55
2025-03-03,youtube,67120,616,489.0,95.0,66.0,6,495.92,3001.78
2025-03-03,tiktok,119403,1866,1493.0,281.0,185.0,72,848.84,4093.74
2025-03-03,linkedin,37628,360,282.0,48.0,34.0,12,497.41,1550.91
2025-03-04,facebook,120872,1071,829.0,166.0,113.0,33,604.25,2551.5
2025-03-04,instagram,129864,1435,1149.0,217.0,142.0,6,912.75,2983.52
2025-03-04,twitter,65301,707,565.0,108.0,76.0,21,281.55,945.57
2025-03-04,youtube,57553,514,422.0,76.0,52.0,19,380.96,1694.39
2025-03-04,tiktok,114482,2192,1739.0,334.0,216.0,7,852.3,2412.56
2025-03-04,linkedin,45091,521,410.0,75.0,54.0,23,433.23,2058.6
2025-03-05,facebook,82599,930,750.0,131.0,97.0,47,449.23,5505.7
2025-03-05,instagram,157734,1302,1035.0,191.0,122.0,18,802.58,1148.96
2025-03-05,twitter,157736,1536,1230.0,234.0,152.0,28,629.4,1814.57
2025-03-05,youtube,53628,1160,936.0,176.0,117.0,48,589.33,4396.57
2025-03-05,tiktok,76849,1084,856.0,161.0,98.0,17,411.24,2671.49
2025-03-05,linkedin,47961,496,388.0,76.0,57.0,29,567.39,2727.4
2025-03-06,facebook,85701,680,546.0,105.0,65.0,3,446.72,419.48
2025-03-06,instagram,175967,2213,1759.0,336.0,213.0,86,957.33,6746.99
2025-03-06,twitter,94323,852,698.0,120.0,76.0,13,504.84,826.57
2025-03-06,youtube,61599,899,729.0,135.0,81.0,28,658.26,1831.46
2025-03-06,tiktok,86851,925,741.0,138.0,,23,512.61,827.42
2025-03-06,linkedin,43240,654,514.0,101.0,65.0,21,443.68,2325.01
2025-03-07,facebook,59120,704,558.0,101.0,68.0,25,294.2,1284.88
2025-03-07,instagram,124311,1274,1015.0,181.0,124.0,9,673.52,487.82
2025-03-07,twitter,79468,766,605.0,108.0,77.0,11,364.03,389.96
2025-03-07,youtube,61157,743,592.0,114.0,69.0,13,440.44,1027.73
2025-03-07,tiktok,53877,691,561.0,102.0,59.0,39,327.39,2754.04
2025-03-07,linkedin,44500,276,224.0,38.0,30.0,8,406.45,489.69
2025-03-08,facebook,149757,1952,,293.0,182.0,99,984.84,6388.76
2025-03-08,instagram,197718,2780,2204.0,413.0,278.0,64,1462.83,4106.57
2025-03-08,twitter,101498,836,686.0,125.0,78.0,29,412.92,1387.83
2025-03-08,youtube,78898,521,428.0,80.0,52.0,20,623.56,2541.27
2025-03-08,tiktok,101202,1465,1167.0,214.0,148.0,52,528.66,2888.62
2025-03-08,linkedin,27133,266,218.0,39.0,24.0,11,307.12,1730.08
2025-03-09,facebook,196654,1239,,185.0,122.0,6,954.41,1955.01
2025-03-09,instagram,149054,2661,2117.0,400.0,269.0,97,1166.2,6517.27
2025-03-09,twitter,59089,734,595.0,111.0,78.0,17,304.65,998.76
2025-03-09,youtube,88203,1173,947.0,173.0,119.0,21,762.1,1078.82
2025-03-09,tiktok,128102,2298,1843.0,344.0,227.0,74,735.9,4235.52
2025-03-09,linkedin,50023,589,476.0,87.0,63.0,36,514.68,3717.75
2025-03-10,facebook,110804,863,699.0,131.0,83.0,39,414.96,2218.07
2025-03-10,instagram,170193,1391,1123.0,215.0,132.0,45,1248.56,2656.29
2025-03-10,twitter,76794,731,592.0,109.0,75.0,4,259.17,580.73
2025-03-10,youtube,43292,505,408.0,77.0,50.0,12,359.25,1484.64
2025-03-10,tiktok,99961,1747,1395.0,256.0,175.0,44,609.18,2243.01
2025-03-10,linkedin,53758,571,449.0,85.0,59.0,28,351.61,2652.74
2025-03-11,facebook,123157,794,623.0,119.0,82.0,42,666.94,2942.01
2025-03-11,instagram,121838,987,789.0,142.0,97.0,29,546.52,1906.53
2025-03-11,twitter,56678,444,363.0,69.0,38.0,8,220.82,680.19
2025-03-11,youtube,72936,987,793.0,146.0,100.0,56,765.16,2781.52
2025-03-11,tiktok,80504,792,630.0,118.0,80.0,17,469.78,1348.46
2025-03-11,linkedin,41114,360,293.0,53.0,33.0,17,479.68,3044.66
2025-03-12,facebook,119197,1678,1338.0,245.0,162.0,40,691.11,2629.16
2025-03-12,instagram,201988,1972,1605.0,290.0,200.0,42,1016.43,3130.08
2025-03-12,twitter,91487,1109,873.0,165.0,111.0,35,378.09,2275.63
2025-03-12,youtube,67893,1192,952.0,170.0,127.0,73,480.82,6015.51
2025-03-12,tiktok,49933,809,656.0,120.0,73.0,11,357.77,2805.76
2025-03-12,linkedin,47183,520,430.0,73.0,50.0,21,414.4,2736.11
2025-03-13,facebook,86545,488,385.0,73.0,45.0,21,319.76,2686.31
2025-03-13,instagram,149799,2014,1617.0,301.0,191.0,60,1106.58,2546.05
2025-03-13,twitter,64892,368,284.0,48.0,35.0,6,225.88,247.65
2025-03-13,youtube,83907,829,659.0,121.0,83.0,42,420.07,4279.34
2025-03-13,tiktok,88954,1106,872.0,159.0,113.0,24,488.47,1422.25
2025-03-13,linkedin,17020,209,166.0,31.0,22.0,1,267.81,1204.07
2025-03-14,facebook,162859,1686,1337.0,246.0,170.0,13,1209.6,1161.01
2025-03-14,instagram,142078,1541,1247.0,234.0,148.0,66,4269.64,5486.06
2025-03-14,twitter,40628,458,355.0,70.0,45.0,11,191.55,738.54
2025-03-14,youtube,63525,1060,842.0,156.0,102.0,13,596.92,1326.55
2025-03-14,tiktok,111143,1096,876.0,160.0,109.0,34,686.0,1982.02
2025-03-14,linkedin,56119,552,420.0,78.0,56.0,21,596.21,2765.14
2025-03-15,facebook,106568,1284,1032.0,185.0,129.0,16,618.56,824.36
2025-03-15,instagram,173202,572,461.0,90.0,51.0,10,645.28,1313.51
2025-03-15,twitter,44126,459,360.0,70.0,45.0,14,171.47,761.95
2025-03-15,youtube,96481,1301,1042.0,198.0,120.0,72,594.29,4856.25
2025-03-15,tiktok,55936,761,620.0,107.0,77.0,27,279.71,1928.6
2025-03-15,linkedin,30922,355,279.0,51.0,33.0,25,382.87,2242.92
2025-03-16,facebook,119393,1095,894.0,157.0,115.0,45,671.97,1539.3
2025-03-16,instagram,128567,837,665.0,126.0,88.0,32,835.18,1485.78
2025-03-16,twitter,64567,522,419.0,78.0,52.0,8,231.36,411.91
2025-03-16,youtube,72508,811,639.0,118.0,85.0,26,450.4,2467.75
2025-03-16,tiktok,109831,1864,1509.0,288.0,187.0,21,866.36,2521.37
2025-03-16,linkedin,51104,716,568.0,112.0,69.0,20,715.25,2923.24
2025-03-17,facebook,93465,1033,831.0,158.0,104.0,64,408.64,3448.77
2025-03-17,instagram,126900,1326,1059.0,197.0,134.0,41,975.22,1547.6
2025-03-17,twitter,97844,1258,999.0,176.0,120.0,22,546.53,1336.61
2025-03-17,youtube,55288,747,605.0,107.0,71.0,26,495.25,1948.5
2025-03-17,tiktok,113536,860,683.0,119.0,79.0,21,449.11,752.63
2025-03-17,linkedin,63300,296,235.0,46.0,28.0,12,622.48,2367.06
2025-03-18,facebook,81690,590,468.0,86.0,60.0,6,483.62,916.82
2025-03-18,instagram,78079,1098,882.0,165.0,106.0,69,450.06,2802.4
2025-03-18,twitter,110611,1016,810.0,148.0,108.0,33,426.1,2663.05
2025-03-18,youtube,44194,916,725.0,134.0,88.0,41,402.91,4902.66
2025-03-18,tiktok,116689,1291,1031.0,186.0,131.0,32,555.29,1360.1
2025-03-18,linkedin,37667,397,315.0,60.0,36.0,11,371.94,665.37
2025-03-19,facebook,88403,641,532.0,97.0,62.0,21,414.37,3160.44
2025-03-19,instagram,90308,1289,1040.0,195.0,135.0,31,715.2,3352.7
2025-03-19,twitter,117573,1353,1061.0,208.0,129.0,17,532.42,817.3
2025-03-19,youtube,54203,687,550.0,100.0,67.0,19,436.42,1857.91
2025-03-19,tiktok,84231,1040,850.0,156.0,101.0,35,580.47,3320.13
2025-03-19,linkedin,46758,463,363.0,64.0,47.0,4,492.87,475.74
2025-03-20,facebook,124623,1204,958.0,178.0,116.0,25,729.46,1812.73
2025-03-20,instagram,212372,3438,2758.0,518.0,359.0,10,2344.99,502.82
2025-03-20,twitter,74857,952,776.0,142.0,96.0,17,302.92,767.18
2025-03-20,youtube,54085,408,325.0,62.0,41.0,14,283.24,1286.33
2025-03-20,tiktok,72506,1029,833.0,140.0,107.0,29,457.72,1718.31
2025-03-20,linkedin,37617,350,284.0,56.0,37.0,11,361.76,1019.36
2025-03-21,facebook,101228,883,696.0,126.0,88.0,43,704.87,2115.34
2025-03-21,instagram,99287,1106,,164.0,113.0,24,492.79,2412.56
2025-03-21,twitter,65863,745,592.0,108.0,76.0,11,249.55,698.43
2025-03-21,youtube,41777,710,572.0,106.0,69.0,25,422.98,2803.42
2025-03-21,tiktok,59464,836,672.0,131.0,81.0,24,376.4,1245.74
2025-03-21,linkedin,26415,250,202.0,34.0,,11,294.76,1831.53
2025-03-22,facebook,136095,1804,1447.0,267.0,176.0,51,655.07,5095.42
2025-03-22,instagram,218657,2390,1910.0,362.0,248.0,80,1151.46,6757.73
2025-03-22,twitter,90077,1316,1048.0,197.0,134.0,22,585.85,914.26
2025-03-22,youtube,81819,890,713.0,136.0,85.0,48,632.68,2992.65
2025-03-22,tiktok,69402,862,686.0,130.0,91.0,18,449.23,1412.35
2025-03-22,linkedin,49396,568,454.0,85.0,58.0,25,576.82,2045.44
2025-03-23,facebook,158734,2001,1603.0,297.0,199.0,81,802.59,3083.02
2025-03-23,instagram,180721,2025,1605.0,303.0,202.0,82,1074.44,4203.27
2025-03-23,twitter,118414,1075,878.0,160.0,107.0,15,462.2,704.26
2025-03-23,youtube,53929,593,482.0,90.0,59.0,15,300.53,1391.98
2025-03-23,tiktok,96525,905,715.0,135.0,87.0,30,542.48,1698.47
2025-03-23,linkedin,46648,327,264.0,49.0,32.0,14,494.56,1945.87
2025-03-24,facebook,113977,758,599.0,117.0,68.0,31,423.15,2428.96
2025-03-24,instagram,180659,1882,1528.0,279.0,181.0,50,1310.78,3401.38
2025-03-24,twitter,87486,855,682.0,126.0,89.0,15,348.69,1189.24
2025-03-24,youtube,70784,763,615.0,107.0,78.0,9,403.43,1947.69
2025-03-24,tiktok,119125,1154,892.0,175.0,108.0,18,502.15,1038.16
2025-03-24,linkedin,49227,631,505.0,92.0,63.0,15,785.02,1440.44
2025-03-25,facebook,128284,1177,953.0,171.0,113.0,41,593.48,2832.82
2025-03-25,instagram,96093,821,654.0,121.0,80.0,34,541.9,3386.87
2025-03-25,twitter,56807,782,622.0,114.0,77.0,18,268.81,1021.12
2025-03-25,youtube,43334,666,528.0,108.0,58.0,18,436.98,1866.13
2025-03-25,tiktok,48618,677,535.0,108.0,75.0,16,341.28,808.73
2025-03-25,linkedin,51179,300,239.0,42.0,32.0,10,512.26,1648.08
2025-03-26,facebook,80361,735,570.0,112.0,73.0,33,529.54,1865.59
2025-03-26,instagram,171461,3063,2464.0,461.0,,87,1288.54,6086.66
2025-03-26,twitter,54636,324,260.0,47.0,33.0,3,165.53,519.42
2025-03-26,youtube,51231,324,257.0,48.0,31.0,15,346.34,867.49
2025-03-26,tiktok,134909,1840,1468.0,278.0,188.0,62,966.67,2915.86
2025-03-26,linkedin,41929,476,383.0,68.0,48.0,11,435.11,893.22
2025-03-27,facebook,93056,1325,1048.0,194.0,130.0,29,657.76,1734.03
2025-03-27,instagram,181586,1701,1372.0,259.0,179.0,40,1212.93,1888.49
2025-03-27,twitter,45725,449,367.0,64.0,41.0,2,133.88,281.55
2025-03-27,youtube,78689,1333,1060.0,206.0,124.0,32,579.03,1052.99
2025-03-27,tiktok,69676,1042,825.0,153.0,106.0,29,507.1,2052.01
2025-03-27,linkedin,57589,409,329.0,63.0,43.0,8,445.21,1438.13
2025-03-28,facebook,84378,963,757.0,143.0,97.0,39,1387.36,5499.91
2025-03-28,instagram,222682,1330,1081.0,194.0,133.0,46,1117.6,3008.56
2025-03-28,twitter,273944,2524,1613.0,157.0,109.0,31,461.33,2126.12
2025-03-28,youtube,73160,832,657.0,134.0,78.0,18,512.55,1567.52
2025-03-28,tiktok,81783,1223,990.0,181.0,124.0,47,614.65,2968.57
2025-03-28,linkedin,52740,673,546.0,101.0,64.0,24,603.4,2673.29
2025-03-29,facebook,175163,1547,1227.0,234.0,148.0,73,916.32,4870.91
2025-03-29,instagram,146851,1824,1453.0,275.0,185.0,59,1173.26,3945.81
2025-03-29,twitter,96716,1094,871.0,159.0,118.0,11,437.66,812.49
2025-03-29,youtube,54386,733,585.0,105.0,75.0,37,425.59,3995.09
2025-03-29,tiktok,69650,1073,830.0,157.0,105.0,44,489.91,3906.86
2025-03-29,linkedin,77303,825,654.0,125.0,77.0,22,824.04,2603.55
2025-03-30,facebook,117718,1114,904.0,166.0,112.0,24,741.43,1326.34
2025-03-30,instagram,153817,1751,1398.0,266.0,173.0,8,939.14,2159.77
2025-03-30,twitter,134580,862,700.0,125.0,86.0,22,375.47,1185.9
2025-03-30,youtube,41185,981,766.0,148.0,92.0,45,544.5,2293.62
2025-03-30,tiktok,97680,1296,1040.0,191.0,129.0,59,595.72,4997.51
2025-03-30,linkedin,37423,534,422.0,78.0,53.0,22,1176.96,1695.67
2025-03-31,facebook,93997,919,752.0,138.0,88.0,4,533.16,1321.71
2025-03-31,instagram,210285,3140,2517.0,463.0,,148,1589.46,9637.18
2025-03-31,twitter,92483,1020,813.0,146.0,100.0,25,372.57,2133.91
2025-03-31,youtube,55452,621,506.0,82.0,62.0,10,448.52,2670.73
2025-03-31,tiktok,61681,1088,857.0,162.0,109.0,26,434.1,1298.6
2025-03-31,linkedin,26495,302,239.0,44.0,29.0,3,257.34,948.0
2025-04-01,facebook,127911,1011,809.0,151.0,99.0,41,793.03,2825.95
2025-04-01,instagram,200385,2619,2100.0,379.0,261.0,33,1397.02,2150.89
2025-04-01,twitter,70878,665,552.0,104.0,70.0,10,223.77,482.91
2025-04-01,youtube,35301,297,243.0,45.0,27.0,3,201.75,1557.31
2025-04-01,tiktok,98825,1623,1284.0,241.0,166.0,52,597.13,1860.73
2025-04-01,linkedin,64013,518,411.0,72.0,51.0,11,547.14,1277.74
2025-04-02,facebook,137782,767,605.0,110.0,77.0,27,694.23,2593.23
2025-04-02,instagram,115611,1483,1177.0,221.0,152.0,57,864.12,7318.27
2025-04-02,twitter,84184,163,131.0,25.0,17.0,7,269.11,323.89
2025-04-02,youtube,81092,1788,1458.0,268.0,159.0,95,719.97,9449.17
2025-04-02,tiktok,95675,996,803.0,151.0,102.0,21,573.14,1024.94
2025-04-02,linkedin,33549,462,367.0,70.0,46.0,19,303.14,1692.21
2025-04-03,facebook,111158,1317,1058.0,196.0,140.0,9,720.26,2258.67
2025-04-03,instagram,111092,687,570.0,106.0,69.0,24,423.67,1148.0
2025-04-03,twitter,58394,676,546.0,102.0,69.0,1,248.99,76.22
2025-04-03,youtube,35076,623,506.0,91.0,57.0,6,287.98,537.61
2025-04-03,tiktok,106109,2201,1759.0,332.0,230.0,76,737.2,5064.31
2025-04-03,linkedin,31949,536,422.0,89.0,54.0,18,477.39,1326.16
2025-04-04,facebook,68860,953,777.0,142.0,94.0,28,459.23,1984.8
2025-04-04,instagram,121054,1026,822.0,153.0,102.0,29,550.92,2898.91
2025-04-04,twitter,124264,711,564.0,115.0,74.0,12,394.07,794.07
2025-04-04,youtube,74562,1215,967.0,177.0,122.0,9,624.31,1672.75
2025-04-04,tiktok,122389,1611,1292.0,251.0,162.0,35,619.93,2798.88
2025-04-04,linkedin,46732,574,458.0,88.0,50.0,31,589.8,3450.25
2025-04-05,facebook,140748,1392,1114.0,210.0,143.0,39,694.25,2178.19
2025-04-05,instagram,153678,1757,1391.0,260.0,169.0,41,1333.71,2092.8
2025-04-05,twitter,82810,569,450.0,81.0,58.0,16,282.88,1023.28
2025-04-05,youtube,78013,1077,860.0,169.0,105.0,34,522.24,2414.73
2025-04-05,tiktok,111640,2155,1705.0,326.0,210.0,71,921.86,3859.19
2025-04-05,linkedin,58352,928,736.0,150.0,90.0,66,733.26,7166.9
2025-04-06,facebook,164187,1817,1459.0,266.0,188.0,43,1024.51,2087.02
2025-04-06,instagram,141622,1387,1106.0,205.0,144.0,26,1097.02,1944.14
2025-04-06,twitter,64667,439,351.0,,46.0,6,234.96,371.72
2025-04-06,youtube,66336,1538,1225.0,234.0,158.0,53,635.26,3411.86
2025-04-06,tiktok,161512,2217,1769.0,327.0,219.0,35,727.79,2438.95
2025-04-06,linkedin,29195,402,332.0,53.0,38.0,16,418.21,2471.38
2025-04-07,facebook,160035,1163,933.0,172.0,113.0,71,953.6,3326.85
2025-04-07,instagram,300079,3459,2737.0,526.0,349.0,95,2009.83,4749.38
2025-04-07,twitter,136370,873,688.0,133.0,85.0,31,1012.37,1710.56
2025-04-07,youtube,64428,598,487.0,92.0,61.0,20,561.07,1784.84
2025-04-07,tiktok,70829,1184,960.0,183.0,118.0,39,394.42,2720.47
2025-04-07,linkedin,59233,736,605.0,110.0,75.0,40,385.14,3069.84
2025-04-08,facebook,146346,1856,1493.0,279.0,184.0,77,1232.02,3707.17
2025-04-08,instagram,107758,1179,954.0,179.0,120.0,29,564.61,1165.06
2025-04-08,twitter,101655,919,733.0,134.0,90.0,15,367.81,501.75
2025-04-08,youtube,91005,1378,1098.0,195.0,142.0,29,840.34,1992.0
2025-04-08,tiktok,160144,2657,2105.0,398.0,262.0,101,1292.32,5080.79
2025-04-08,linkedin,45209,567,456.0,86.0,53.0,14,432.27,2404.02
2025-04-09,facebook,208495,2561,2043.0,372.0,264.0,110,1338.51,8404.54
2025-04-09,instagram,93607,1180,944.0,180.0,119.0,28,838.14,1801.09
2025-04-09,twitter,150854,1273,1013.0,194.0,125.0,23,528.95,831.62
2025-04-09,youtube,68363,1062,839.0,157.0,109.0,64,635.74,2978.45
2025-04-09,tiktok,91104,1255,1005.0,189.0,126.0,30,469.44,1954.3
2025-04-09,linkedin,47711,552,444.0,81.0,54.0,15,386.89,1468.79
2025-04-10,facebook,177343,1892,1511.0,281.0,191.0,32,949.51,3466.16
2025-04-10,instagram,150173,1418,1122.0,207.0,147.0,49,923.87,3224.01
2025-04-10,twitter,93778,485,393.0,69.0,48.0,4,319.38,576.07
2025-04-10,youtube,67684,747,589.0,121.0,76.0,26,503.33,2335.11
2025-04-10,tiktok,112294,1553,1249.0,227.0,152.0,37,733.13,2879.9
2025-04-10,linkedin,39298,529,432.0,80.0,53.0,26,504.14,2027.06
2025-04-11,facebook,183819,2144,1706.0,332.0,212.0,29,1177.8,1912.5
2025-04-11,instagram,147767,1809,1453.0,264.0,187.0,61,867.1,4975.24
2025-04-11,twitter,121542,1208,952.0,180.0,116.0,10,476.53,532.76
2025-04-11,youtube,73841,1294,1038.0,190.0,129.0,51,717.37,2599.96
2025-04-11,tiktok,49134,609,486.0,90.0,61.0,16,300.9,1848.14
2025-04-11,linkedin,49243,439,344.0,67.0,48.0,15,486.87,2162.96
2025-04-12,facebook,97296,694,557.0,109.0,67.0,25,509.88,2732.16
2025-04-12,instagram,116747,1194,960.0,168.0,117.0,14,860.13,817.49
2025-04-12,twitter,115534,1139,903.0,171.0,110.0,22,484.28,1072.72
2025-04-12,youtube,91263,1494,1162.0,217.0,150.0,5,928.06,1194.01
2025-04-12,tiktok,143749,1758,1407.0,272.0,174.0,33,803.16,1390.22
2025-04-12,linkedin,59887,705,561.0,103.0,71.0,36,810.88,4379.71
2025-04-13,facebook,142516,1448,1174.0,210.0,151.0,42,947.17,5096.53
2025-04-13,instagram,168352,2050,1616.0,310.0,204.0,87,1241.58,6285.76
2025-04-13,twitter,77490,616,,91.0,65.0,8,324.9,526.45
2025-04-13,youtube,68175,1015,817.0,152.0,104.0,19,658.75,2503.83
2025-04-13,tiktok,119071,1957,1545.0,290.0,192.0,20,792.61,1353.46
2025-04-13,linkedin,46502,299,243.0,44.0,29.0,6,378.33,1635.54
2025-04-14,facebook,180128,1556,1229.0,228.0,150.0,100,909.94,6970.19
2025-04-14,instagram,120578,1100,888.0,172.0,115.0,43,720.56,2584.02
2025-04-14,twitter,102095,728,588.0,110.0,74.0,11,368.43,662.0
2025-04-14,youtube,47747,652,522.0,93.0,66.0,30,465.79,3739.31
2025-04-14,tiktok,145186,2764,2196.0,423.0,275.0,79,697.75,3806.03
2025-04-14,linkedin,36016,340,275.0,48.0,35.0,12,401.28,766.33
2025-04-15,facebook,112195,1260,1015.0,187.0,126.0,47,741.49,3046.92
2025-04-15,instagram,125072,1593,1282.0,243.0,157.0,43,613.14,2788.28
2025-04-15,twitter,82430,743,603.0,110.0,72.0,21,190.35,996.97
2025-04-15,youtube,68989,1208,983.0,177.0,124.0,63,697.19,5423.65
2025-04-15,tiktok,119355,1828,1457.0,264.0,181.0,59,950.31,4484.29
2025-04-15,linkedin,34037,369,292.0,58.0,37.0,13,416.25,1698.96
2025-04-16,facebook,151436,1317,1062.0,203.0,131.0,34,898.38,1528.15
2025-04-16,instagram,183294,2177,1727.0,327.0,225.0,19,1279.44,1431.81
2025-04-16,twitter,84546,896,710.0,139.0,88.0,20,384.19,1213.01
2025-04-16,youtube,42371,636,492.0,95.0,64.0,32,414.0,2114.95
2025-04-16,tiktok,108970,2000,1595.0,296.0,195.0,86,681.4,4892.15
2025-04-16,linkedin,46843,583,463.0,90.0,51.0,22,564.87,2675.98
2025-04-17,facebook,211148,2031,1619.0,311.0,214.0,30,1030.34,1977.75
2025-04-17,instagram,124387,2075,1651.0,317.0,209.0,79,943.55,5237.88
2025-04-17,twitter,96924,1020,823.0,154.0,102.0,39,385.92,1923.38
2025-04-17,youtube,60476,820,,128.0,83.0,25,571.29,1419.83
2025-04-17,tiktok,50677,754,596.0,108.0,74.0,32,308.84,3302.15
2025-04-17,linkedin,36192,279,222.0,42.0,27.0,18,366.72,2404.17
2025-04-18,facebook,185223,1953,1594.0,281.0,199.0,84,1176.81,4471.97
2025-04-18,instagram,145643,2160,1730.0,340.0,211.0,99,995.36,7667.43
2025-04-18,twitter,60527,547,431.0,81.0,50.0,7,260.32,511.77
2025-04-18,youtube,76262,1339,1052.0,205.0,139.0,92,776.74,5503.64
2025-04-18,tiktok,100668,1374,1103.0,209.0,144.0,36,685.3,1908.55
2025-04-18,linkedin,31606,437,337.0,60.0,43.0,25,454.85,3624.67
2025-04-19,facebook,163560,2186,1727.0,332.0,218.0,77,927.08,5933.48
2025-04-19,instagram,122133,1543,1239.0,224.0,153.0,47,838.47,2932.45
2025-04-19,twitter,77768,901,719.0,139.0,91.0,11,328.54,728.75
2025-04-19,youtube,50176,1021,806.0,154.0,100.0,54,498.92,6645.05
2025-04-19,tiktok,130160,1721,1411.0,262.0,168.0,66,673.07,3786.52
2025-04-19,linkedin,49525,790,638.0,119.0,79.0,19,679.46,1960.99
2025-04-20,facebook,172164,2683,2130.0,403.0,274.0,19,1241.49,1304.51
2025-04-20,instagram,167925,2075,1664.0,313.0,203.0,39,975.82,2352.93
2025-04-20,twitter,69281,655,515.0,93.0,68.0,17,204.48,722.2
2025-04-20,youtube,73871,1060,853.0,161.0,103.0,16,721.92,1747.27
2025-04-20,tiktok,141612,1647,1327.0,239.0,152.0,36,728.74,2219.39
2025-04-20,linkedin,32736,385,307.0,56.0,,11,338.74,871.85
2025-04-21,facebook,108399,1522,1228.0,221.0,152.0,59,607.52,5048.69
2025-04-21,instagram,163174,1572,1256.0,236.0,158.0,20,806.8,2802.34
2025-04-21,twitter,88704,658,521.0,95.0,65.0,20,170.24,1084.47
2025-04-21,youtube,100850,1154,928.0,171.0,112.0,41,836.22,2926.77
2025-04-21,tiktok,104220,1951,1567.0,293.0,191.0,23,725.86,1939.29
2025-04-21,linkedin,33202,322,256.0,50.0,30.0,7,327.85,1017.12
2025-04-22,facebook,137070,1973,1591.0,302.0,194.0,44,3207.79,2917.61
2025-04-22,instagram,164302,1512,1220.0,231.0,145.0,46,985.73,2690.37
2025-04-22,twitter,126006,1352,1090.0,202.0,130.0,34,526.9,1964.77
2025-04-22,youtube,52664,749,600.0,111.0,74.0,20,461.85,3349.28
2025-04-22,tiktok,92970,1050,,156.0,98.0,30,410.33,1732.62
2025-04-22,linkedin,39908,431,345.0,63.0,42.0,20,361.05,2608.08
2025-04-23,facebook,161116,2564,2062.0,394.0,251.0,37,1175.18,3420.39
2025-04-23,instagram,130395,1332,1042.0,196.0,129.0,38,1017.66,2142.33
2025-04-23,twitter,74377,579,467.0,81.0,59.0,0,312.71,222.66
2025-04-23,youtube,47130,748,603.0,112.0,76.0,3,353.45,941.29
2025-04-23,tiktok,66401,1021,819.0,156.0,100.0,13,531.01,1506.09
2025-04-23,linkedin,51364,551,445.0,80.0,53.0,38,437.58,4264.74
2025-04-24,facebook,90569,1313,1060.0,193.0,130.0,36,668.0,4938.51
2025-04-24,instagram,128527,1259,1014.0,194.0,120.0,43,910.07,4100.76
2025-04-24,twitter,104669,1231,988.0,184.0,128.0,42,390.99,1847.26
2025-04-24,youtube,78801,1255,1005.0,195.0,130.0,25,529.61,2708.99
2025-04-24,tiktok,62413,860,685.0,130.0,89.0,27,295.62,1858.98
2025-04-24,linkedin,38884,571,454.0,86.0,54.0,21,516.66,3131.47
2025-04-25,facebook,105644,1005,795.0,152.0,95.0,56,667.35,3883.17
2025-04-25,instagram,174148,2104,1681.0,315.0,207.0,47,1493.03,3260.04
2025-04-25,twitter,101733,1061,850.0,160.0,106.0,47,411.27,2775.2
2025-04-25,youtube,77288,982,785.0,148.0,104.0,52,521.07,3680.6
2025-04-25,tiktok,133863,1400,1114.0,211.0,139.0,25,833.63,1132.63
2025-04-25,linkedin,39842,351,281.0,48.0,34.0,10,321.27,865.14
2025-04-26,facebook,105894,1175,927.0,171.0,119.0,30,724.24,2105.34
2025-04-26,instagram,141806,1965,1569.0,293.0,208.0,71,944.6,4790.96
2025-04-26,twitter,140434,638,501.0,99.0,66.0,3,406.95,100.99
2025-04-26,youtube,57502,832,646.0,125.0,93.0,30,457.89,2166.87
2025-04-26,tiktok,86878,985,797.0,148.0,99.0,14,447.99,2383.7
2025-04-26,linkedin,44046,492,391.0,73.0,50.0,16,397.99,2123.67
2025-04-27,facebook,465607,3084,2164.0,182.0,119.0,29,1099.77,2385.5
2025-04-27,instagram,140563,1238,1010.0,187.0,128.0,28,768.11,1149.66
2025-04-27,twitter,57233,516,406.0,74.0,55.0,12,214.29,938.45
2025-04-27,youtube,48170,770,616.0,124.0,76.0,32,528.1,2509.39
2025-04-27,tiktok,108795,1416,1125.0,212.0,132.0,27,795.88,821.74
2025-04-27,linkedin,35782,416,331.0,63.0,42.0,6,413.5,1141.95
2025-04-28,facebook,65410,784,614.0,117.0,82.0,4,535.93,3263.77
2025-04-28,instagram,337218,5217,2958.0,322.0,207.0,74,852.05,6800.96
2025-04-28,twitter,90936,459,365.0,68.0,46.0,10,309.08,572.35
2025-04-28,youtube,50535,937,742.0,,93.0,37,539.58,3257.56
2025-04-28,tiktok,102345,1450,1157.0,215.0,147.0,45,683.92,2523.52
2025-04-28,linkedin,53657,962,758.0,143.0,90.0,38,698.04,4231.08
2025-04-29,facebook,105920,1570,1259.0,234.0,158.0,40,578.67,1871.45
2025-04-29,instagram,109552,1462,1170.0,223.0,143.0,51,839.48,3217.32
2025-04-29,twitter,53370,615,493.0,89.0,61.0,11,213.41,1648.22
2025-04-29,youtube,45696,821,662.0,118.0,86.0,49,483.41,3176.73
2025-04-29,tiktok,70935,891,714.0,138.0,83.0,4,497.72,1178.73
2025-04-29,linkedin,69764,1075,864.0,161.0,103.0,46,669.28,3187.98
2025-04-30,facebook,96765,852,676.0,134.0,81.0,28,395.71,1816.16
2025-04-30,instagram,121125,1110,869.0,165.0,112.0,48,940.68,3384.44
2025-04-30,twitter,72326,673,553.0,108.0,69.0,23,305.44,1795.39
2025-04-30,youtube,62634,1018,820.0,145.0,100.0,67,499.07,4559.74
2025-04-30,tiktok,93926,689,547.0,103.0,72.0,24,511.59,1789.01
2025-04-30,linkedin,31088,417,332.0,63.0,40.0,17,453.23,2827.63
2025-05-01,facebook,96923,679,541.0,99.0,66.0,28,487.96,1633.95
2025-05-01,instagram,115253,959,773.0,147.0,94.0,35,868.34,1611.72
2025-05-01,twitter,77354,666,529.0,101.0,62.0,19,285.34,1684.94
2025-05-01,youtube,66960,768,625.0,116.0,79.0,44,592.62,2161.8
2025-05-01,tiktok,77519,1105,880.0,169.0,105.0,43,492.32,2159.88
2025-05-01,linkedin,25679,242,189.0,35.0,21.0,11,241.45,876.43
2025-05-02,facebook,117018,783,631.0,117.0,76.0,25,639.45,2275.18
2025-05-02,instagram,123563,1094,864.0,163.0,107.0,52,771.19,3598.3
2025-05-02,twitter,94984,502,396.0,76.0,51.0,16,379.42,860.34
2025-05-02,youtube,42582,765,622.0,109.0,76.0,35,394.28,2109.46
2025-05-02,tiktok,109121,1557,1243.0,227.0,156.0,64,682.86,3688.2
2025-05-02,linkedin,36338,315,256.0,48.0,32.0,10,312.09,2776.88
2025-05-03,facebook,126043,1450,1148.0,214.0,143.0,31,780.62,1723.51
2025-05-03,instagram,90491,1424,1147.0,218.0,142.0,60,662.95,6524.1
2025-05-03,twitter,202844,813,708.0,62.0,39.0,0,235.31,97.33
2025-05-03,youtube,56093,1019,813.0,154.0,99.0,56,420.84,5759.38
2025-05-03,tiktok,105205,1266,1017.0,186.0,119.0,2,563.98,626.89
2025-05-03,linkedin,25774,409,330.0,60.0,44.0,25,332.23,2565.66
2025-05-04,facebook,122845,1083,872.0,165.0,107.0,36,514.55,1936.28
2025-05-04,instagram,194599,2197,1765.0,329.0,212.0,24,1584.85,2531.98
2025-05-04,twitter,90998,1014,804.0,,99.0,11,366.84,398.19
2025-05-04,youtube,83733,841,680.0,130.0,85.0,13,365.14,1871.92
2025-05-04,tiktok,64533,900,716.0,136.0,96.0,36,301.25,1583.81
2025-05-04,linkedin,44899,580,461.0,87.0,48.0,24,425.76,2826.82
2025-05-05,facebook,77223,731,582.0,108.0,75.0,13,574.1,720.3
2025-05-05,instagram,174988,2081,1670.0,308.0,210.0,74,1311.58,4462.26
2025-05-05,twitter,88491,700,554.0,104.0,70.0,30,400.74,1499.86
2025-05-05,youtube,47837,622,494.0,99.0,62.0,22,379.5,4507.77
2025-05-05,tiktok,101375,926,747.0,,94.0,2,494.47,101.63
2025-05-05,linkedin,32624,495,408.0,72.0,47.0,15,484.8,2242.86
2025-05-06,facebook,353837,3503,1874.0,202.0,133.0,38,539.36,3865.95
2025-05-06,instagram,120573,1803,1432.0,263.0,180.0,63,750.16,2813.46
2025-05-06,twitter,51348,449,352.0,66.0,42.0,13,221.75,1100.58
2025-05-06,youtube,72625,1367,1095.0,208.0,133.0,30,743.51,2528.61
2025-05-06,tiktok,100296,1049,838.0,163.0,106.0,59,371.61,4512.23
2025-05-06,linkedin,27118,277,220.0,43.0,26.0,16,197.3,2213.18
2025-05-07,facebook,62182,611,496.0,93.0,61.0,6,323.26,395.3
2025-05-07,instagram,87189,1102,886.0,153.0,106.0,24,588.0,1469.14
2025-05-07,twitter,51316,516,416.0,74.0,55.0,10,263.07,551.11
2025-05-07,youtube,49965,679,544.0,104.0,,17,232.53,3211.2
2025-05-07,tiktok,96075,578,461.0,86.0,61.0,17,418.08,718.98
2025-05-07,linkedin,35386,464,367.0,66.0,41.0,13,533.24,1303.2
2025-05-08,facebook,131440,1134,891.0,168.0,113.0,27,750.6,1803.01
2025-05-08,instagram,124586,1762,1395.0,264.0,175.0,23,1002.78,1062.42
2025-05-08,twitter,68014,548,458.0,80.0,54.0,19,242.82,1107.15
2025-05-08,youtube,73344,1382,1102.0,210.0,144.0,38,494.72,2048.39
2025-05-08,tiktok,89940,1223,982.0,177.0,123.0,27,543.4,2882.24
2025-05-08,linkedin,36385,534,428.0,84.0,54.0,12,496.26,1500.09
2025-05-09,facebook,132652,1438,1127.0,216.0,138.0,31,961.81,2753.53
2025-05-09,instagram,152665,1775,1412.0,268.0,174.0,57,1027.6,4332.41
2025-05-09,twitter,60995,375,297.0,56.0,36.0,11,188.86,946.73
2025-05-09,youtube,52393,654,531.0,92.0,64.0,23,465.12,1708.8
2025-05-09,tiktok,159433,2488,1986.0,365.0,247.0,27,691.39,1613.68
2025-05-09,linkedin,65456,666,540.0,100.0,66.0,22,696.59,1467.76
2025-05-10,facebook,156833,2048,1637.0,317.0,203.0,69,1083.65,3982.62
2025-05-10,instagram,144105,1198,940.0,182.0,121.0,45,668.74,3261.19
2025-05-10,twitter,50737,479,380.0,68.0,45.0,8,226.5,444.91
2025-05-10,youtube,38001,786,641.0,115.0,76.0,16,313.26,1243.47
2025-05-10,tiktok,121409,1703,1371.0,262.0,169.0,90,659.1,5297.36
2025-05-10,linkedin,46841,501,392.0,73.0,45.0,13,482.7,1755.32
2025-05-11,facebook,93287,387,303.0,58.0,39.0,4,417.62,171.05
2025-05-11,instagram,167374,1529,1217.0,,152.0,48,1054.81,3373.5
2025-05-11,twitter,92940,877,708.0,131.0,90.0,18,258.6,967.71
2025-05-11,youtube,91421,1175,936.0,171.0,117.0,34,702.98,3140.73
2025-05-11,tiktok,121299,1721,1390.0,260.0,173.0,34,825.9,1858.51
2025-05-11,linkedin,36803,341,264.0,51.0,36.0,16,415.27,3575.43
2025-05-12,facebook,141544,1452,1169.0,221.0,,30,847.44,2283.35
2025-05-12,instagram,138590,1028,822.0,155.0,110.0,32,837.77,2026.16
2025-05-12,twitter,62169,242,192.0,39.0,25.0,4,119.1,277.21
2025-05-12,youtube,59069,1230,983.0,172.0,124.0,55,599.5,3598.79
2025-05-12,tiktok,199106,1661,1205.0,119.0,73.0,11,507.08,437.2
2025-05-12,linkedin,32810,293,235.0,41.0,26.0,8,314.12,1575.85
2025-05-13,facebook,169454,1671,1331.0,257.0,167.0,74,837.41,4433.25
2025-05-13,instagram,111412,1368,1087.0,200.0,134.0,73,604.9,5425.84
2025-05-13,twitter,78656,756,599.0,108.0,78.0,7,261.71,1001.59
2025-05-13,youtube,63252,620,498.0,91.0,62.0,19,370.33,2120.16
2025-05-13,tiktok,94058,1011,825.0,153.0,101.0,22,547.75,2779.18
2025-05-13,linkedin,21568,283,232.0,41.0,27.0,18,282.78,1788.59
2025-05-14,facebook,138511,1284,1023.0,198.0,126.0,46,884.74,3225.53
2025-05-14,instagram,137908,1702,1357.0,252.0,,67,802.77,5459.19
2025-05-14,twitter,73235,888,720.0,129.0,86.0,2,292.06,209.48
2025-05-14,youtube,36310,517,425.0,69.0,54.0,28,344.47,1985.97
2025-05-14,tiktok,104930,1520,1201.0,218.0,151.0,75,594.53,4161.24
2025-05-14,linkedin,55413,687,551.0,97.0,65.0,28,691.7,3270.26
2025-05-15,facebook,75749,814,647.0,120.0,85.0,5,570.26,441.05
2025-05-15,instagram,173301,2765,2210.0,414.0,268.0,58,1532.59,3026.73
2025-05-15,twitter,91981,866,697.0,134.0,86.0,25,357.82,1631.66
2025-05-15,youtube,91776,1539,1226.0,233.0,153.0,59,810.41,4411.4
2025-05-15,tiktok,85883,946,760.0,135.0,90.0,22,606.27,1699.67
2025-05-15,linkedin,33314,366,293.0,51.0,34.0,26,253.79,1968.14
2025-05-16,facebook,101298,1245,995.0,180.0,125.0,22,739.05,2440.8
2025-05-16,instagram,127721,1649,1323.0,257.0,158.0,51,1088.55,2673.31
2025-05-16,twitter,45011,365,299.0,51.0,39.0,11,177.41,316.06
2025-05-16,youtube,58741,869,689.0,120.0,87.0,39,462.06,3394.02
2025-05-16,tiktok,81456,1707,1376.0,261.0,176.0,7,482.33,386.6
2025-05-16,linkedin,25984,302,231.0,45.0,29.0,7,288.94,599.12
2025-05-17,facebook,150332,1829,1473.0,275.0,175.0,56,884.46,4411.84
2025-05-17,instagram,142774,1876,1507.0,285.0,184.0,36,1200.27,3463.76
2025-05-17,twitter,120775,880,692.0,140.0,89.0,30,355.65,1450.61
2025-05-17,youtube,51941,342,271.0,51.0,32.0,15,179.66,1532.15
2025-05-17,tiktok,134651,1565,1248.0,230.0,160.0,40,781.5,1919.58
2025-05-17,linkedin,24015,275,217.0,41.0,30.0,18,225.46,2546.18
2025-05-18,facebook,176843,1858,1483.0,273.0,186.0,48,789.46,2602.28
2025-05-18,instagram,133084,1435,1140.0,222.0,140.0,68,1034.43,3485.77
2025-05-18,twitter,118705,1036,835.0,159.0,100.0,18,376.26,1270.37
2025-05-18,youtube,58910,927,753.0,138.0,89.0,19,502.64,1059.6
2025-05-18,tiktok,106887,1325,1057.0,189.0,133.0,33,615.48,1840.71
2025-05-18,linkedin,36087,271,212.0,37.0,27.0,10,329.12,1097.39
2025-05-19,facebook,129270,732,585.0,105.0,72.0,20,660.99,2978.63
2025-05-19,instagram,139547,1730,1388.0,268.0,171.0,39,945.81,2401.84
2025-05-19,twitter,80244,868,695.0,131.0,90.0,11,429.24,513.03
2025-05-19,youtube,48206,724,577.0,109.0,74.0,13,369.77,1168.65
2025-05-19,tiktok,74080,622,488.0,84.0,68.0,7,390.25,791.21
2025-05-19,linkedin,41698,482,396.0,69.0,47.0,13,393.15,1070.72
2025-05-20,facebook,164871,1014,805.0,153.0,102.0,22,789.22,1770.74
2025-05-20,instagram,176642,1912,1528.0,284.0,188.0,32,1030.98,1378.77
2025-05-20,twitter,70347,789,630.0,113.0,75.0,19,272.81,1146.25
2025-05-20,youtube,44121,776,613.0,128.0,82.0,9,444.27,779.03
2025-05-20,tiktok,444128,3758,2542.0,212.0,143.0,9,711.98,743.12
2025-05-20,linkedin,51487,684,560.0,104.0,69.0,0,577.13,0.0
2025-05-21,facebook,103285,972,774.0,146.0,91.0,54,572.01,4292.84
2025-05-21,instagram,211335,2254,1808.0,347.0,220.0,48,1404.48,3326.64
2025-05-21,twitter,131171,1535,1235.0,227.0,153.0,20,579.59,1050.61
2025-05-21,youtube,50459,798,624.0,121.0,81.0,42,440.36,5017.66
2025-05-21,tiktok,111872,1457,1170.0,220.0,150.0,10,592.49,832.98
2025-05-21,linkedin,31249,250,203.0,36.0,22.0,13,324.51,2655.92
2025-05-22,facebook,140860,479,377.0,71.0,45.0,14,615.81,706.45
2025-05-22,instagram,289415,4959,3929.0,738.0,495.0,141,2416.72,8450.34
2025-05-22,twitter,89485,1160,919.0,166.0,124.0,20,342.15,1569.11
2025-05-22,youtube,67794,966,767.0,145.0,97.0,36,645.41,3419.37
2025-05-22,tiktok,91709,1222,976.0,173.0,119.0,33,591.0,1843.6
2025-05-22,linkedin,32139,301,239.0,45.0,32.0,5,342.03,555.06
2025-05-23,facebook,130610,1387,1093.0,,143.0,39,711.64,5581.81
2025-05-23,instagram,153434,2123,1699.0,322.0,206.0,87,968.07,6615.75
2025-05-23,twitter,107315,642,512.0,94.0,64.0,14,314.03,651.3
2025-05-23,youtube,56868,1268,1027.0,182.0,119.0,60,648.0,3763.8
2025-05-23,tiktok,115012,1604,1265.0,239.0,161.0,61,707.18,3338.21
2025-05-23,linkedin,41068,563,450.0,83.0,56.0,19,479.55,2235.96
2025-05-24,facebook,139808,1361,1088.0,201.0,129.0,33,735.15,1649.89
2025-05-24,instagram,176656,1762,1406.0,266.0,176.0,42,1079.28,3394.71
2025-05-24,twitter,46551,425,343.0,66.0,42.0,8,191.13,465.35
2025-05-24,youtube,87630,1756,1423.0,267.0,182.0,34,1034.18,2373.42
2025-05-24,tiktok,111233,1784,1414.0,274.0,171.0,72,740.7,3735.5
2025-05-24,linkedin,65799,680,537.0,105.0,67.0,23,668.93,2405.14
2025-05-25,facebook,127380,1077,849.0,167.0,105.0,22,412.37,1152.97
2025-05-25,instagram,185445,2266,1807.0,331.0,222.0,64,1314.44,4233.45
2025-05-25,twitter,132961,1029,810.0,152.0,101.0,21,575.17,1462.49
2025-05-25,youtube,62330,977,783.0,152.0,105.0,47,530.24,2859.2
2025-05-25,tiktok,197706,3471,2749.0,534.0,344.0,177,1363.43,7472.47
2025-05-25,linkedin,57860,970,776.0,153.0,105.0,50,782.54,6404.1
2025-05-26,facebook,186184,1654,1337.0,239.0,158.0,58,1223.16,3337.23
2025-05-26,instagram,244732,2434,1951.0,354.0,244.0,31,1471.24,1870.18
2025-05-26,twitter,81700,747,602.0,111.0,77.0,15,414.81,731.69
2025-05-26,youtube,81148,959,765.0,141.0,97.0,33,639.09,3328.95
2025-05-26,tiktok,84468,1287,1028.0,192.0,128.0,29,522.89,1455.73
2025-05-26,linkedin,36139,551,431.0,89.0,50.0,5,508.65,847.41
2025-05-27,facebook,92807,736,613.0,108.0,75.0,27,547.61,2357.68
2025-05-27,instagram,124012,1576,1250.0,243.0,161.0,59,692.85,6782.05
2025-05-27,twitter,71082,758,613.0,123.0,79.0,22,362.18,1527.8
2025-05-27,youtube,90377,1437,1163.0,216.0,144.0,54,633.25,4751.82
2025-05-27,tiktok,116914,1840,1516.0,276.0,177.0,37,905.09,2400.56
2025-05-27,linkedin,52781,823,656.0,127.0,79.0,10,338.35,760.79
2025-05-28,facebook,156914,1532,1231.0,223.0,159.0,52,1103.07,3908.72
2025-05-28,instagram,159771,1968,1592.0,295.0,197.0,21,994.66,1350.13
2025-05-28,twitter,70117,567,454.0,82.0,57.0,25,315.16,1643.77
2025-05-28,youtube,85630,1633,1308.0,245.0,160.0,78,548.08,7050.11
2025-05-28,tiktok,81600,1429,1156.0,214.0,148.0,24,569.33,2503.64
2025-05-28,linkedin,61655,1047,822.0,158.0,106.0,12,978.33,1019.74
2025-05-29,facebook,133927,1181,952.0,184.0,113.0,57,781.54,3783.96
2025-05-29,instagram,87107,831,656.0,126.0,86.0,35,635.49,1857.03
2025-05-29,twitter,65550,673,535.0,100.0,66.0,11,286.47,669.76
2025-05-29,youtube,44164,613,491.0,94.0,63.0,33,453.72,2716.63
2025-05-29,tiktok,79878,1264,1021.0,182.0,129.0,58,482.03,3847.29
2025-05-29,linkedin,31788,367,305.0,56.0,34.0,19,386.45,1027.99
2025-05-30,facebook,144377,1075,862.0,158.0,106.0,45,900.85,2617.62
2025-05-30,instagram,180249,1080,863.0,167.0,109.0,54,929.67,3244.25
2025-05-30,twitter,76738,555,445.0,80.0,55.0,10,299.53,850.17
2025-05-30,youtube,87147,1321,1039.0,203.0,125.0,53,807.35,5939.15
2025-05-30,tiktok,137716,2068,1662.0,311.0,207.0,75,806.47,3891.47
2025-05-30,linkedin,31372,429,345.0,65.0,44.0,22,397.01,2335.94
2025-05-31,facebook,122907,683,549.0,104.0,66.0,43,564.42,2875.44
2025-05-31,instagram,142843,1983,1599.0,304.0,198.0,51,1026.66,3197.94
2025-05-31,twitter,66132,455,371.0,74.0,47.0,20,235.26,962.41
2025-05-31,youtube,43436,588,456.0,86.0,56.0,26,333.53,2769.22
2025-05-31,tiktok,87220,1110,878.0,174.0,112.0,11,272.27,3399.78
2025-05-31,linkedin,43330,564,444.0,90.0,51.0,31,607.06,1438.88
2025-06-01,facebook,199024,2441,1963.0,376.0,241.0,24,1387.17,2097.38
2025-06-01,instagram,243772,1497,1207.0,229.0,156.0,48,1233.4,2497.62
2025-06-01,twitter,106589,422,339.0,68.0,42.0,7,335.74,320.38
2025-06-01,youtube,38314,615,501.0,91.0,62.0,20,347.21,1897.7
2025-06-01,tiktok,80695,1150,914.0,181.0,121.0,37,626.8,1832.57
2025-06-01,linkedin,39060,361,294.0,51.0,33.0,13,322.04,4233.46
2025-06-02,facebook,80857,677,556.0,102.0,66.0,24,458.01,3534.96
2025-06-02,instagram,585930,7933,4053.0,450.0,299.0,57,1407.8,2792.82
2025-06-02,twitter,115810,1024,804.0,151.0,111.0,22,516.52,1152.2
2025-06-02,youtube,92114,881,713.0,135.0,90.0,36,497.29,1832.84
2025-06-02,tiktok,131138,2035,1596.0,301.0,198.0,7,898.16,407.16
2025-06-02,linkedin,29630,535,432.0,81.0,52.0,13,361.27,1976.59
2025-06-03,facebook,94521,862,683.0,126.0,85.0,18,504.68,1088.22
2025-06-03,instagram,245415,2500,1976.0,366.0,249.0,68,1762.21,5271.49
2025-06-03,twitter,96038,1243,966.0,187.0,116.0,68,453.76,3105.58
2025-06-03,youtube,58357,1373,1090.0,205.0,146.0,61,700.42,7894.99
2025-06-03,tiktok,110385,1523,1202.0,228.0,157.0,30,776.65,2902.82
2025-06-03,linkedin,43942,482,385.0,77.0,48.0,21,499.97,2064.67
2025-06-04,facebook,98623,1031,825.0,150.0,103.0,48,691.06,3027.92
2025-06-04,instagram,128134,2251,1788.0,345.0,229.0,37,1035.81,2394.15
2025-06-04,twitter,114068,988,789.0,148.0,94.0,21,373.09,341.31
2025-06-04,youtube,49694,1030,839.0,145.0,103.0,27,400.99,1748.33
2025-06-04,tiktok,83193,823,669.0,121.0,83.0,14,446.31,1778.39
2025-06-04,linkedin,41313,341,270.0,51.0,36.0,19,495.77,1645.57
2025-06-05,facebook,78365,902,730.0,137.0,93.0,26,505.59,1239.06
2025-06-05,instagram,169456,2655,2119.0,391.0,262.0,112,1250.24,7632.08
2025-06-05,twitter,51985,308,240.0,45.0,32.0,12,167.48,291.96
2025-06-05,youtube,124932,1621,1287.0,254.0,159.0,97,1047.23,5677.28
2025-06-05,tiktok,98586,1515,1192.0,234.0,147.0,29,606.52,1075.55
2025-06-05,linkedin,37346,557,451.0,85.0,54.0,23,422.29,2191.8
2025-06-06,facebook,119358,478,377.0,66.0,50.0,5,532.6,316.08
2025-06-06,instagram,113462,1003,808.0,147.0,103.0,12,643.2,2376.32
2025-06-06,twitter,81974,278,217.0,45.0,27.0,4,261.21,511.47
2025-06-06,youtube,57174,1073,849.0,160.0,107.0,30,467.45,2943.3
2025-06-06,tiktok,76964,1140,928.0,157.0,112.0,42,339.14,2797.76
2025-06-06,linkedin,34662,500,393.0,76.0,48.0,22,396.65,2916.49
2025-06-07,facebook,118100,1133,913.0,163.0,112.0,35,728.65,2827.51
2025-06-07,instagram,238002,3351,2699.0,499.0,335.0,134,2078.53,9437.8
2025-06-07,twitter,112435,1393,1097.0,204.0,131.0,14,570.58,1698.38
2025-06-07,youtube,51947,1059,846.0,157.0,108.0,12,310.61,1266.14
2025-06-07,tiktok,172967,2332,1845.0,348.0,241.0,74,1038.35,3412.43
2025-06-07,linkedin,50625,764,601.0,121.0,82.0,25,651.7,1930.95
2025-06-08,facebook,165227,1781,1421.0,264.0,177.0,29,1032.39,2794.51
2025-06-08,instagram,164960,2377,1886.0,362.0,248.0,43,1391.86,3917.43
2025-06-08,twitter,87158,942,756.0,137.0,93.0,17,420.04,1142.77
2025-06-08,youtube,47395,923,718.0,134.0,89.0,26,429.7,3257.75
2025-06-08,tiktok,101788,950,762.0,138.0,96.0,19,331.28,2230.82
2025-06-08,linkedin,40880,545,424.0,86.0,56.0,14,597.88,1526.53
2025-06-09,facebook,85616,999,802.0,148.0,102.0,39,419.24,3808.64
2025-06-09,instagram,174666,2288,1820.0,330.0,234.0,45,1219.31,2627.37
2025-06-09,twitter,68330,742,590.0,108.0,71.0,11,276.46,919.93
2025-06-09,youtube,69166,1106,892.0,156.0,112.0,67,557.66,6014.78
2025-06-09,tiktok,93437,1292,1027.0,195.0,130.0,37,1717.97,2187.14
2025-06-09,linkedin,29067,409,332.0,56.0,40.0,14,344.85,1669.58
2025-06-10,facebook,94552,980,779.0,151.0,95.0,15,446.92,1383.01
2025-06-10,instagram,121448,1525,1241.0,221.0,155.0,58,754.89,3675.47
2025-06-10,twitter,77560,684,553.0,104.0,71.0,14,289.78,1106.66
2025-06-10,youtube,78997,1220,986.0,181.0,115.0,48,589.08,3951.42
2025-06-10,tiktok,69716,1103,866.0,170.0,113.0,5,423.64,679.36
2025-06-10,linkedin,59223,603,485.0,92.0,57.0,19,571.41,1859.92
2025-06-11,facebook,130264,1150,912.0,166.0,109.0,34,836.28,3770.28
2025-06-11,instagram,154467,2086,1664.0,313.0,213.0,100,968.4,5832.46
2025-06-11,twitter,75356,764,611.0,112.0,79.0,22,402.17,1168.47
2025-06-11,youtube,63369,1038,820.0,159.0,109.0,14,660.44,1112.24
2025-06-11,tiktok,128535,1995,1583.0,290.0,198.0,35,787.13,3278.43
2025-06-11,linkedin,31899,56,42.0,8.0,6.0,0,148.68,0.0
2025-06-12,facebook,55183,600,486.0,94.0,65.0,20,331.8,1337.66
2025-06-12,instagram,267296,3285,2610.0,505.0,324.0,159,1627.58,10491.11
2025-06-12,twitter,71004,434,343.0,,38.0,7,258.09,352.52
2025-06-12,youtube,53337,490,383.0,73.0,48.0,24,1069.74,2177.72
2025-06-12,tiktok,144873,2329,1860.0,349.0,239.0,9,1126.69,527.31
2025-06-12,linkedin,30257,294,229.0,44.0,27.0,7,377.97,1913.1
2025-06-13,facebook,71359,573,460.0,90.0,59.0,13,384.68,898.65
2025-06-13,instagram,86961,1109,897.0,168.0,114.0,22,663.83,1269.16
2025-06-13,twitter,124075,876,675.0,130.0,86.0,20,504.51,683.92
2025-06-13,youtube,77473,1289,1030.0,200.0,129.0,21,531.86,3718.76
2025-06-13,tiktok,114140,1601,1282.0,244.0,148.0,28,660.6,1408.13
2025-06-13,linkedin,33618,415,333.0,60.0,41.0,10,474.98,1187.08
2025-06-14,facebook,125958,836,661.0,123.0,86.0,22,701.82,1347.36
2025-06-14,instagram,165779,1882,1509.0,288.0,188.0,76,1156.25,3649.37
2025-06-14,twitter,72326,678,537.0,98.0,69.0,12,207.48,493.51
2025-06-14,youtube,43144,842,685.0,128.0,85.0,51,475.03,3758.34
2025-06-14,tiktok,115550,1151,924.0,176.0,118.0,55,709.2,2786.18
2025-06-14,linkedin,39076,445,352.0,65.0,43.0,14,456.6,1971.87
2025-06-15,facebook,150924,1669,1345.0,254.0,165.0,63,1100.2,4531.85
2025-06-15,instagram,149626,1798,1410.0,263.0,177.0,61,906.81,3921.13
2025-06-15,twitter,73713,625,493.0,91.0,63.0,2,239.58,444.55
2025-06-15,youtube,182392,2962,1789.0,161.0,126.0,32,760.74,2000.51
2025-06-15,tiktok,108330,1423,1155.0,221.0,146.0,8,631.76,410.2
2025-06-15,linkedin,52124,488,381.0,79.0,48.0,21,615.65,2963.01
2025-06-16,facebook,85752,860,693.0,131.0,86.0,15,531.3,1396.36
2025-06-16,instagram,155793,1425,1142.0,205.0,143.0,5,950.97,3773.51
2025-06-16,twitter,80791,695,556.0,107.0,70.0,13,313.69,658.41
2025-06-16,youtube,39931,796,637.0,118.0,85.0,19,371.97,1714.39
2025-06-16,tiktok,59547,863,698.0,124.0,88.0,6,414.22,924.63
2025-06-16,linkedin,46095,405,317.0,59.0,44.0,37,317.83,3816.8
2025-06-17,facebook,106823,1385,1112.0,202.0,137.0,33,635.65,3272.2
2025-06-17,instagram,119971,1749,1401.0,263.0,172.0,50,1158.51,3029.14
2025-06-17,twitter,74438,387,307.0,58.0,39.0,1,239.17,81.34
2025-06-17,youtube,67789,1078,865.0,167.0,107.0,52,624.32,3171.03
2025-06-17,tiktok,89993,1504,1216.0,222.0,146.0,41,575.96,1981.81
2025-06-17,linkedin,28768,511,412.0,78.0,50.0,22,431.0,1812.98
2025-06-18,facebook,76536,590,472.0,86.0,61.0,21,420.83,1483.32
2025-06-18,instagram,80988,990,806.0,146.0,101.0,30,515.65,3210.4
2025-06-18,twitter,86328,538,433.0,77.0,52.0,2,363.49,414.99
2025-06-18,youtube,40290,906,744.0,138.0,91.0,29,375.82,2369.82
2025-06-18,tiktok,68325,1052,853.0,161.0,104.0,21,444.2,2444.7
2025-06-18,linkedin,46690,648,525.0,100.0,64.0,13,635.44,1493.44
2025-06-19,facebook,95356,1277,,185.0,121.0,30,637.4,1801.42
2025-06-19,instagram,148783,1869,1524.0,281.0,184.0,108,961.11,8691.59
2025-06-19,twitter,75036,789,637.0,120.0,81.0,17,364.73,700.37
2025-06-19,youtube,78636,1479,1164.0,225.0,150.0,21,829.74,2146.77
2025-06-19,tiktok,65251,1020,814.0,159.0,103.0,24,614.47,1958.94
2025-06-19,linkedin,32930,319,259.0,42.0,31.0,10,248.98,1733.17
2025-06-20,facebook,125616,1295,1024.0,183.0,125.0,48,860.92,2561.22
2025-06-20,instagram,147591,1935,1541.0,286.0,191.0,26,875.66,1484.56
2025-06-20,twitter,40799,228,184.0,33.0,22.0,8,120.74,591.22
2025-06-20,youtube,40719,329,261.0,46.0,31.0,6,278.38,362.31
2025-06-20,tiktok,65032,519,415.0,84.0,49.0,12,270.66,639.14
2025-06-20,linkedin,50422,722,582.0,103.0,73.0,37,780.75,4284.99
2025-06-21,facebook,150024,1287,1017.0,177.0,137.0,35,862.2,2590.27
2025-06-21,instagram,151570,1653,1331.0,247.0,174.0,51,857.04,2448.8
2025-06-21,twitter,80410,945,748.0,143.0,94.0,16,376.26,855.18
2025-06-21,youtube,54168,1138,925.0,172.0,111.0,44,550.51,3435.75
2025-06-21,tiktok,103721,1369,1087.0,209.0,135.0,56,547.98,2480.15
2025-06-21,linkedin,28946,371,301.0,53.0,35.0,12,427.16,1616.64
2025-06-22,facebook,151297,2133,1683.0,310.0,210.0,77,1018.63,4796.53
2025-06-22,instagram,208269,2365,1884.0,368.0,239.0,60,1834.59,2850.99
2025-06-22,twitter,78150,790,638.0,117.0,74.0,7,383.47,399.07
2025-06-22,youtube,62026,727,578.0,113.0,72.0,17,588.96,1443.96
2025-06-22,tiktok,157220,2744,2171.0,405.0,259.0,73,1012.44,2853.01
2025-06-22,linkedin,20915,190,151.0,32.0,18.0,0,279.75,477.16
2025-06-23,facebook,60164,684,529.0,105.0,69.0,16,382.19,2445.15
2025-06-23,instagram,212395,2716,2157.0,397.0,263.0,39,1811.22,2598.2
2025-06-23,twitter,57210,561,443.0,91.0,60.0,10,235.52,348.17
2025-06-23,youtube,75580,1194,951.0,183.0,129.0,43,636.81,2632.71
2025-06-23,tiktok,61272,1064,844.0,159.0,111.0,38,419.54,1957.78
2025-06-23,linkedin,45482,518,397.0,78.0,51.0,27,1597.22,2048.98
2025-06-24,facebook,93984,1083,859.0,163.0,108.0,40,541.47,2412.13
2025-06-24,instagram,124083,592,479.0,92.0,60.0,17,727.02,889.63
2025-06-24,twitter,84478,906,726.0,127.0,88.0,25,394.29,1551.47
2025-06-24,youtube,48772,871,694.0,133.0,90.0,6,478.07,1077.22
2025-06-24,tiktok,102829,1578,1270.0,233.0,163.0,37,597.31,2602.41
2025-06-24,linkedin,36429,414,333.0,63.0,41.0,0,434.06,82.31
2025-06-25,facebook,169231,2098,1670.0,318.0,211.0,62,829.88,3691.19
2025-06-25,instagram,124609,1854,1479.0,279.0,190.0,49,784.43,4634.56
2025-06-25,twitter,64487,872,,128.0,86.0,22,230.07,947.43
2025-06-25,youtube,65963,712,567.0,105.0,70.0,25,416.78,1731.12
2025-06-25,tiktok,107119,1034,821.0,146.0,110.0,25,633.21,2236.02
2025-06-25,linkedin,39866,514,423.0,71.0,48.0,21,548.95,1689.33
2025-06-26,facebook,154053,1529,1245.0,229.0,148.0,28,1239.99,2937.26
2025-06-26,instagram,131872,1441,1158.0,222.0,147.0,42,781.99,4437.7
2025-06-26,twitter,88142,595,479.0,92.0,55.0,10,294.34,448.21
2025-06-26,youtube,57561,962,779.0,152.0,100.0,32,496.15,2406.35
2025-06-26,tiktok,93473,1556,1226.0,229.0,161.0,36,438.46,1787.2
2025-06-26,linkedin,37611,487,385.0,,49.0,17,455.94,2813.32
2025-06-27,facebook,98408,712,569.0,109.0,74.0,7,510.84,405.79
2025-06-27,instagram,139948,2282,1842.0,345.0,222.0,98,1129.31,6283.65
2025-06-27,twitter,53029,529,432.0,81.0,,20,196.43,829.49
2025-06-27,youtube,61102,1047,838.0,162.0,105.0,24,377.83,2911.83
2025-06-27,tiktok,68821,1092,869.0,165.0,112.0,28,386.58,3186.84
2025-06-27,linkedin,42541,664,534.0,96.0,69.0,33,489.56,2833.5
2025-06-28,facebook,166231,1735,1369.0,254.0,168.0,12,966.81,2468.58
2025-06-28,instagram,84804,1058,840.0,156.0,107.0,43,619.9,3058.2
2025-06-28,twitter,92910,710,567.0,102.0,70.0,14,401.87,1049.91
2025-06-28,youtube,43374,634,510.0,93.0,63.0,5,310.74,845.18
2025-06-28,tiktok,78700,1272,1020.0,181.0,129.0,19,450.87,1992.41
2025-06-28,linkedin,40476,379,305.0,59.0,35.0,24,244.01,3957.29
2025-06-29,facebook,184256,2212,1756.0,323.0,224.0,67,1338.14,4440.91
2025-06-29,instagram,169382,833,663.0,126.0,80.0,12,791.51,533.22
2025-06-29,twitter,94224,1120,911.0,156.0,,41,331.74,2131.49
2025-06-29,youtube,52385,744,606.0,110.0,80.0,39,480.28,2741.32
2025-06-29,tiktok,143122,2460,1977.0,369.0,244.0,49,1009.27,2371.77
2025-06-29,linkedin,39576,336,260.0,55.0,34.0,12,386.11,2061.47
